Company Name,Model Name,RAM,Front Camera,Back Camera,Processor,Battery Capacity,Screen Size,Price,Launched Year
Apple,iPhone 16 128GB,6GB,12MP,48MP,A17 Bionic,"3,600mAh",6.1 inches,799.0,2024
Apple,iPhone 16 256GB,6GB,12MP,48MP,A17 Bionic,"3,600mAh",6.1 inches,849.0,2024
Apple,iPhone 16 512GB,6GB,12MP,48MP,A17 Bionic,"3,600mAh",6.1 inches,899.0,2024
Apple,iPhone 16 Plus 128GB,6GB,12MP,48MP,A17 Bionic,"4,200mAh",6.7 inches,899.0,2024
Apple,iPhone 16 Plus 256GB,6GB,12MP,48MP,A17 Bionic,"4,200mAh",6.7 inches,949.0,2024
Apple,iPhone 16 Plus 512GB,6GB,12MP,48MP,A17 Bionic,"4,200mAh",6.7 inches,999.0,2024
Apple,iPhone 16 Pro 128GB,6GB,12MP / 4K,50MP + 12MP,A17 Pro,"4,400mAh",6.1 inches,999.0,2024
Apple,iPhone 16 Pro 256GB,8GB,12MP / 4K,50MP + 12MP,A17 Pro,"4,400mAh",6.1 inches,1049.0,2024
Apple,iPhone 16 Pro 512GB,8GB,12MP / 4K,50MP + 12MP,A17 Pro,"4,400mAh",6.1 inches,1099.0,2024
Apple,iPhone 16 Pro Max 128GB,6GB,12MP / 4K,48MP + 12MP,A17 Pro,"4,500mAh",6.7 inches,1099.0,2024
Apple,iPhone 16 Pro Max 256GB,8GB,12MP / 4K,48MP + 12MP,A17 Pro,"4,500mAh",6.7 inches,1199.0,2024
Apple,iPhone 16 Pro Max 512GB,8GB,12MP / 4K,48MP + 12MP,A17 Pro,"4,500mAh",6.7 inches,1299.0,2024
Apple,iPhone 15 128GB,6GB,12MP,48MP,A16 Bionic,"3,200mAh",6.1 inches,799.0,2023
Apple,iPhone 15 256GB,6GB,12MP,48MP,A16 Bionic,"3,200mAh",6.1 inches,849.0,2023
Apple,iPhone 15 512GB,6GB,12MP,48MP,A16 Bionic,"3,200mAh",6.1 inches,949.0,2023
Apple,iPhone 15 Plus 128GB,6GB,12MP,48MP,A16 Bionic,"4,300mAh",6.7 inches,899.0,2023
Apple,iPhone 15 Plus 256GB,6GB,12MP,48MP,A16 Bionic,"4,300mAh",6.7 inches,999.0,2023
Apple,iPhone 15 Plus 512GB,6GB,12MP,48MP,A16 Bionic,"4,300mAh",6.7 inches,1049.0,2023
Apple,iPhone 15 Pro 128GB,6GB,12MP / 4K,48MP + 12MP,A16 Bionic,"4,400mAh",6.1 inches,1099.0,2023
Apple,iPhone 15 Pro 256GB,8GB,12MP / 4K,48MP + 12MP,A16 Bionic,"4,400mAh",6.1 inches,1199.0,2023
Apple,iPhone 15 Pro 512GB,8GB,12MP / 4K,48MP + 12MP,A16 Bionic,"4,400mAh",6.1 inches,1299.0,2023
Apple,iPhone 15 Pro Max 128GB,6GB,12MP / 4K,48MP + 12MP,A16 Bionic,"4,500mAh",6.7 inches,1199.0,2023
Apple,iPhone 15 Pro Max 256GB,8GB,12MP / 4K,48MP + 12MP,A16 Bionic,"4,500mAh",6.7 inches,1299.0,2023
Apple,iPhone 15 Pro Max 512GB,8GB,12MP / 4K,48MP + 12MP,A16 Bionic,"4,500mAh",6.7 inches,1399.0,2023
Apple,iPhone 14 128GB,6GB,12MP,12MP + 12MP,A15 Bionic,"3,200mAh",6.1 inches,799.0,2022
Apple,iPhone 14 256GB,6GB,12MP,12MP + 12MP,A15 Bionic,"3,200mAh",6.1 inches,849.0,2022
Apple,iPhone 14 512GB,6GB,12MP,12MP + 12MP,A15 Bionic,"3,200mAh",6.1 inches,949.0,2022
Apple,iPhone 14 Plus 128GB,6GB,12MP,12MP + 12MP,A15 Bionic,"4,325mAh",6.7 inches,899.0,2022
Apple,iPhone 14 Plus 256GB,6GB,12MP,12MP + 12MP,A15 Bionic,"4,325mAh",6.7 inches,999.0,2022
Apple,iPhone 14 Plus 512GB,6GB,12MP,12MP + 12MP,A15 Bionic,"4,325mAh",6.7 inches,1049.0,2022
Apple,iPhone 14 Pro 128GB,6GB,12MP / 4K,48MP + 12MP,A16 Bionic,"4,200mAh",6.1 inches,1099.0,2022
Apple,iPhone 14 Pro 256GB,8GB,12MP / 4K,48MP + 12MP,A16 Bionic,"4,200mAh",6.1 inches,1199.0,2022
Apple,iPhone 14 Pro 512GB,8GB,12MP / 4K,48MP + 12MP,A16 Bionic,"4,200mAh",6.1 inches,1299.0,2022
Apple,iPhone 14 Pro Max 128GB,6GB,12MP / 4K,48MP + 12MP,A16 Bionic,"4,500mAh",6.7 inches,1199.0,2022
Apple,iPhone 14 Pro Max 256GB,8GB,12MP / 4K,48MP + 12MP,A16 Bionic,"4,500mAh",6.7 inches,1299.0,2022
Apple,iPhone 14 Pro Max 512GB,8GB,12MP / 4K,48MP + 12MP,A16 Bionic,"4,500mAh",6.7 inches,1399.0,2022
Apple,iPhone 13 mini 128GB,4GB,12MP,12MP,A15 Bionic,"2,438mAh",5.4 inches,699.0,2021
Apple,iPhone 13 mini 256GB,4GB,12MP,12MP,A15 Bionic,"2,438mAh",5.4 inches,799.0,2021
Apple,iPhone 13 mini 512GB,4GB,12MP,12MP,A15 Bionic,"2,438mAh",5.4 inches,899.0,2021
Apple,iPhone 13 128GB,4GB,12MP,12MP + 12MP,A15 Bionic,"3,240mAh",6.1 inches,799.0,2021
Apple,iPhone 13 256GB,4GB,12MP,12MP + 12MP,A15 Bionic,"3,240mAh",6.1 inches,899.0,2021
Apple,iPhone 13 512GB,4GB,12MP,12MP + 12MP,A15 Bionic,"3,240mAh",6.1 inches,999.0,2021
Apple,iPhone 13 Pro 128GB,6GB,12MP / 4K,12MP + 12MP + 12MP,A15 Bionic,"3,095mAh",6.1 inches,999.0,2021
Apple,iPhone 13 Pro 256GB,6GB,12MP / 4K,12MP + 12MP + 12MP,A15 Bionic,"3,095mAh",6.1 inches,1099.0,2021
Apple,iPhone 13 Pro 512GB,6GB,12MP / 4K,12MP + 12MP + 12MP,A15 Bionic,"3,095mAh",6.1 inches,1199.0,2021
Apple,iPhone 13 Pro Max 128GB,6GB,12MP / 4K,12MP + 12MP + 12MP,A15 Bionic,"4,352mAh",6.7 inches,1099.0,2021
Apple,iPhone 13 Pro Max 256GB,6GB,12MP / 4K,12MP + 12MP + 12MP,A15 Bionic,"4,352mAh",6.7 inches,1199.0,2021
Apple,iPhone 13 Pro Max 512GB,6GB,12MP / 4K,12MP + 12MP + 12MP,A15 Bionic,"4,352mAh",6.7 inches,1399.0,2021
Apple,iPhone 12 mini 64GB,4GB,12MP,12MP,A14 Bionic,"2,227mAh",5.4 inches,699.0,2020
Apple,iPhone 12 mini 128GB,4GB,12MP,12MP,A14 Bionic,"2,227mAh",5.4 inches,799.0,2020
Apple,iPhone 12 mini 256GB,4GB,12MP,12MP,A14 Bionic,"2,227mAh",5.4 inches,899.0,2020
Apple,iPhone 12 64GB,4GB,12MP,12MP + 12MP,A14 Bionic,"2,815mAh",6.1 inches,799.0,2020
Apple,iPhone 12 128GB,4GB,12MP,12MP + 12MP,A14 Bionic,"2,815mAh",6.1 inches,899.0,2020
Apple,iPhone 12 256GB,4GB,12MP,12MP + 12MP,A14 Bionic,"2,815mAh",6.1 inches,999.0,2020
Apple,iPhone 12 Pro 128GB,6GB,12MP / 4K,12MP + 12MP + 12MP,A14 Bionic,"2,815mAh",6.1 inches,999.0,2020
Apple,iPhone 12 Pro 256GB,6GB,12MP / 4K,12MP + 12MP + 12MP,A14 Bionic,"2,815mAh",6.1 inches,1099.0,2020
Apple,iPhone 12 Pro 512GB,6GB,12MP / 4K,12MP + 12MP + 12MP,A14 Bionic,"2,815mAh",6.1 inches,1199.0,2020
Apple,iPhone 12 Pro Max 128GB,6GB,12MP / 4K,12MP + 12MP + 12MP,A14 Bionic,"3,687mAh",6.7 inches,1099.0,2020
Apple,iPhone 12 Pro Max 256GB,6GB,12MP / 4K,12MP + 12MP + 12MP,A14 Bionic,"3,687mAh",6.7 inches,1199.0,2020
Apple,iPhone 12 Pro Max 512GB,6GB,12MP / 4K,12MP + 12MP + 12MP,A14 Bionic,"3,687mAh",6.7 inches,1399.0,2020
Apple,iPhone 11 64GB,4GB,12MP,12MP + 12MP,A13 Bionic,"3,110mAh",6.1 inches,699.0,2019
Apple,iPhone 11 128GB,4GB,12MP,12MP + 12MP,A13 Bionic,"3,110mAh",6.1 inches,799.0,2019
Apple,iPhone 11 256GB,4GB,12MP,12MP + 12MP,A13 Bionic,"3,110mAh",6.1 inches,899.0,2019
Apple,iPhone 11 Pro 64GB,4GB,12MP / 4K,12MP + 12MP + 12MP,A13 Bionic,"3,046mAh",5.8 inches,999.0,2019
Apple,iPhone 11 Pro 256GB,4GB,12MP / 4K,12MP + 12MP + 12MP,A13 Bionic,"3,046mAh",5.8 inches,1099.0,2019
Apple,iPhone 11 Pro 512GB,4GB,12MP / 4K,12MP + 12MP + 12MP,A13 Bionic,"3,046mAh",5.8 inches,1199.0,2019
Apple,iPhone 11 Pro Max 64GB,4GB,12MP / 4K,12MP + 12MP + 12MP,A13 Bionic,"3,969mAh",6.5 inches,1099.0,2019
Apple,iPhone 11 Pro Max 256GB,4GB,12MP / 4K,12MP + 12MP + 12MP,A13 Bionic,"3,969mAh",6.5 inches,1199.0,2019
Apple,iPhone 11 Pro Max 512GB,4GB,12MP / 4K,12MP + 12MP + 12MP,A13 Bionic,"3,969mAh",6.5 inches,1399.0,2019
Apple,iPhone X 64GB,3GB,7MP,12MP + 12MP,A11 Bionic,"2,716mAh",5.8 inches,999.0,2017
Apple,iPhone X 256GB,3GB,7MP,12MP + 12MP,A11 Bionic,"2,716mAh",5.8 inches,1099.0,2017
Apple,iPhone XS 64GB,4GB,7MP,12MP + 12MP,A12 Bionic,"2,658mAh",5.8 inches,999.0,2018
Apple,iPhone XS 256GB,4GB,7MP,12MP + 12MP,A12 Bionic,"2,658mAh",5.8 inches,1099.0,2018
Apple,iPhone XS 512GB,4GB,7MP,12MP + 12MP,A12 Bionic,"2,658mAh",5.8 inches,1299.0,2018
Apple,iPhone XS Max 64GB,4GB,7MP,12MP + 12MP,A12 Bionic,"3,174mAh",6.5 inches,1099.0,2018
Apple,iPhone XS Max 256GB,4GB,7MP,12MP + 12MP,A12 Bionic,"3,174mAh",6.5 inches,1249.0,2018
Apple,iPhone XS Max 512GB,4GB,7MP,12MP + 12MP,A12 Bionic,"3,174mAh",6.5 inches,1399.0,2018
Apple,iPhone XR 64GB,3GB,7MP,12MP + 12MP,A12 Bionic,"2,942mAh",6.1 inches,749.0,2018
Apple,iPhone XR 128GB,3GB,7MP,12MP + 12MP,A12 Bionic,"2,942mAh",6.1 inches,799.0,2018
Apple,iPhone XR 256GB,3GB,7MP,12MP + 12MP,A12 Bionic,"2,942mAh",6.1 inches,899.0,2018
Apple,iPad Air 10.9-inch 64GB,4GB,12MP,12MP,A14 Bionic,"7,608mAh",10.9 inches,599.0,2020
Apple,iPad Air 10.9-inch 256GB,4GB,12MP,12MP,A14 Bionic,"7,608mAh",10.9 inches,749.0,2020
Apple,iPad 10.2-inch 32GB,3GB,12MP,8MP,A13 Bionic,"8,612mAh",10.2 inches,329.0,2020
Apple,iPad 10.2-inch 128GB,3GB,12MP,8MP,A13 Bionic,"8,612mAh",10.2 inches,429.0,2020
Apple,iPad Mini 7.9-inch 64GB,3GB,7MP,8MP,A12 Bionic,"5,124mAh",7.9 inches,399.0,2019
Apple,iPad Mini 7.9-inch 256GB,3GB,7MP,8MP,A12 Bionic,"5,124mAh",7.9 inches,499.0,2019
Apple,iPad Pro 11-inch 128GB,4GB,7MP,12MP + 10MP,A12Z Bionic,"7,812mAh",11 inches,799.0,2020
Apple,iPad Pro 11-inch 256GB,4GB,7MP,12MP + 10MP,A12Z Bionic,"7,812mAh",11 inches,899.0,2020
Apple,iPad Pro 11-inch 512GB,6GB,7MP,12MP + 10MP,A12Z Bionic,"7,812mAh",11 inches,1099.0,2020
Apple,iPad Pro 12.9-inch 128GB,6GB,7MP,12MP + 10MP,A12Z Bionic,"9,720mAh",12.9 inches,999.0,2020
Apple,iPad Pro 12.9-inch 256GB,6GB,7MP,12MP + 10MP,A12Z Bionic,"9,720mAh",12.9 inches,1099.0,2020
Apple,iPad Pro 12.9-inch 512GB,6GB,7MP,12MP + 10MP,A12Z Bionic,"9,720mAh",12.9 inches,1299.0,2020
Apple,iPad Pro 13-inch 128GB,6GB,7MP,12MP + 10MP,A12Z Bionic,"10,307mAh",13 inches,1099.0,2020
Apple,iPad Pro 13-inch 256GB,6GB,7MP,12MP + 10MP,A12Z Bionic,"10,307mAh",13 inches,1199.0,2020
Apple,iPad Pro 13-inch 512GB,6GB,7MP,12MP + 10MP,A12Z Bionic,"10,307mAh",13 inches,1399.0,2020
Apple,iPad Pro 13-inch 1TB,6GB,7MP,12MP + 10MP,A12Z Bionic,"10,307mAh",13 inches,1599.0,2020
Apple,iPad Pro 13-inch 2TB,6GB,7MP,12MP + 10MP,A12Z Bionic,"10,307mAh",13 inches,1799.0,2020
Samsung,Galaxy S24 Ultra 128GB,12GB,12MP,200MP + 12MP,Exynos 2400,5000mAh,6.8 inches,1199.0,2024
Samsung,Galaxy S24 Ultra 256GB,12GB,12MP,200MP + 12MP,Exynos 2400,5000mAh,6.8 inches,1299.0,2024
Samsung,Galaxy S24+ 128GB,8GB,12MP,50MP + 12MP,Exynos 2400,4800mAh,6.6 inches,899.0,2024
Samsung,Galaxy S24+ 256GB,8GB,12MP,50MP + 12MP,Exynos 2400,4800mAh,6.6 inches,999.0,2024
Samsung,Galaxy S24 128GB,8GB,12MP,50MP + 12MP,Exynos 2400,4000mAh,6.1 inches,799.0,2024
Samsung,Galaxy S24 256GB,8GB,12MP,50MP + 12MP,Exynos 2400,4000mAh,6.1 inches,899.0,2024
Samsung,Galaxy S23 Ultra 128GB,12GB,12MP,200MP + 12MP,Snapdragon 8 Gen 2,5000mAh,6.8 inches,1199.0,2023
Samsung,Galaxy S23 Ultra 256GB,12GB,12MP,200MP + 12MP,Snapdragon 8 Gen 2,5000mAh,6.8 inches,1299.0,2023
Samsung,Galaxy S23+ 128GB,8GB,12MP,50MP + 12MP,Snapdragon 8 Gen 2,4700mAh,6.6 inches,899.0,2023
Samsung,Galaxy S23+ 256GB,8GB,12MP,50MP + 12MP,Snapdragon 8 Gen 2,4700mAh,6.6 inches,999.0,2023
Samsung,Galaxy S23 128GB,8GB,12MP,50MP + 12MP,Snapdragon 8 Gen 2,3900mAh,6.1 inches,799.0,2023
Samsung,Galaxy S23 256GB,8GB,12MP,50MP + 12MP,Snapdragon 8 Gen 2,3900mAh,6.1 inches,899.0,2023
Samsung,Galaxy S22 Ultra 128GB,12GB,10MP,108MP + 12MP,Exynos 2200,5000mAh,6.8 inches,1099.0,2022
Samsung,Galaxy S22 Ultra 256GB,12GB,10MP,108MP + 12MP,Exynos 2200,5000mAh,6.8 inches,1199.0,2022
Samsung,Galaxy S22+ 128GB,8GB,10MP,50MP + 12MP,Exynos 2200,4500mAh,6.6 inches,799.0,2022
Samsung,Galaxy S22+ 256GB,8GB,10MP,50MP + 12MP,Exynos 2200,4500mAh,6.6 inches,899.0,2022
Samsung,Galaxy S22 128GB,8GB,10MP,50MP + 12MP,Exynos 2200,3800mAh,6.1 inches,699.0,2022
Samsung,Galaxy S22 256GB,8GB,10MP,50MP + 12MP,Exynos 2200,3800mAh,6.1 inches,799.0,2022
Samsung,Galaxy Z Fold 5 256GB,12GB,10MP,50MP + 12MP,Snapdragon 8 Gen 2,4400mAh,7.6 inches,1799.0,2023
Samsung,Galaxy Z Fold 5 512GB,12GB,10MP,50MP + 12MP,Snapdragon 8 Gen 2,4400mAh,7.6 inches,1899.0,2023
Samsung,Galaxy Z Flip 5 256GB,8GB,12MP,12MP + 12MP,Snapdragon 8 Gen 2,3700mAh,6.7 inches,999.0,2023
Samsung,Galaxy Z Flip 5 512GB,8GB,12MP,12MP + 12MP,Snapdragon 8 Gen 2,3700mAh,6.7 inches,1099.0,2023
Samsung,Galaxy Z Fold 4 256GB,12GB,10MP,50MP + 12MP,Snapdragon 8 Gen 1,4400mAh,7.6 inches,1799.0,2022
Samsung,Galaxy Z Fold 4 512GB,12GB,10MP,50MP + 12MP,Snapdragon 8 Gen 1,4400mAh,7.6 inches,1899.0,2022
Samsung,Galaxy Z Flip 4 256GB,8GB,10MP,12MP + 12MP,Snapdragon 8 Gen 1,3700mAh,6.7 inches,999.0,2022
Samsung,Galaxy Z Flip 4 512GB,8GB,10MP,12MP + 12MP,Snapdragon 8 Gen 1,3700mAh,6.7 inches,1099.0,2022
Samsung,Galaxy A54 128GB,6GB,32MP,50MP + 12MP,Exynos 1380,5000mAh,6.4 inches,399.0,2023
Samsung,Galaxy A54 256GB,6GB,32MP,50MP + 12MP,Exynos 1380,5000mAh,6.4 inches,449.0,2023
Samsung,Galaxy A34 128GB,6GB,13MP,48MP + 8MP,MediaTek Dimensity 1080,5000mAh,6.6 inches,349.0,2023
Samsung,Galaxy A34 256GB,6GB,13MP,48MP + 8MP,MediaTek Dimensity 1080,5000mAh,6.6 inches,399.0,2023
Samsung,Galaxy A24 128GB,6GB,13MP,50MP + 5MP,MediaTek Helio G99,5000mAh,6.5 inches,299.0,2023
Samsung,Galaxy A24 256GB,6GB,13MP,50MP + 5MP,MediaTek Helio G99,5000mAh,6.5 inches,349.0,2023
Samsung,Galaxy A14 128GB,4GB,13MP,50MP + 2MP,Exynos 850,5000mAh,6.6 inches,249.0,2023
Samsung,Galaxy A14 256GB,4GB,13MP,50MP + 2MP,Exynos 850,5000mAh,6.6 inches,299.0,2023
Samsung,Galaxy A04 64GB,4GB,5MP,50MP + 2MP,Exynos 850,5000mAh,6.5 inches,199.0,2022
Samsung,Galaxy A04 128GB,4GB,5MP,50MP + 2MP,Exynos 850,5000mAh,6.5 inches,249.0,2022
Samsung,Galaxy M54 128GB,8GB,32MP,108MP + 8MP,Exynos 1380,6000mAh,6.7 inches,349.0,2023
Samsung,Galaxy M54 256GB,8GB,32MP,108MP + 8MP,Exynos 1380,6000mAh,6.7 inches,399.0,2023
Samsung,Galaxy M34 128GB,6GB,13MP,50MP + 8MP,Exynos 1280,6000mAh,6.5 inches,299.0,2023
Samsung,Galaxy M34 256GB,6GB,13MP,50MP + 8MP,Exynos 1280,6000mAh,6.5 inches,349.0,2023
Samsung,Galaxy M14 128GB,4GB,13MP,50MP + 2MP,Exynos 850,6000mAh,6.6 inches,249.0,2023
Samsung,Galaxy M14 256GB,4GB,13MP,50MP + 2MP,Exynos 850,6000mAh,6.6 inches,299.0,2023
Samsung,Galaxy M04 64GB,4GB,5MP,13MP + 2MP,MediaTek Helio P35,5000mAh,6.5 inches,199.0,2022
Samsung,Galaxy M04 128GB,4GB,5MP,13MP + 2MP,MediaTek Helio P35,5000mAh,6.5 inches,249.0,2022
Samsung,Galaxy F54 128GB,8GB,32MP,108MP + 8MP,Exynos 1380,6000mAh,6.7 inches,349.0,2023
Samsung,Galaxy F54 256GB,8GB,32MP,108MP + 8MP,Exynos 1380,6000mAh,6.7 inches,399.0,2023
Samsung,Galaxy F34 128GB,6GB,13MP,50MP + 8MP,Exynos 1280,6000mAh,6.5 inches,299.0,2023
Samsung,Galaxy F34 256GB,6GB,13MP,50MP + 8MP,Exynos 1280,6000mAh,6.5 inches,349.0,2023
Samsung,Galaxy F14 128GB,4GB,13MP,50MP + 2MP,Exynos 850,6000mAh,6.6 inches,249.0,2023
Samsung,Galaxy F14 256GB,4GB,13MP,50MP + 2MP,Exynos 850,6000mAh,6.6 inches,299.0,2023
Samsung,Galaxy Note 20 Ultra 128GB,12GB,10MP,108MP + 12MP,Exynos 990,4500mAh,6.9 inches,1299.0,2020
Samsung,Galaxy Note 20 Ultra 256GB,12GB,10MP,108MP + 12MP,Exynos 990,4500mAh,6.9 inches,1399.0,2020
Samsung,Galaxy Note 20 128GB,8GB,10MP,108MP + 12MP,Exynos 990,4300mAh,6.7 inches,999.0,2020
Samsung,Galaxy Note 20 256GB,8GB,10MP,108MP + 12MP,Exynos 990,4300mAh,6.7 inches,1099.0,2020
Samsung,Galaxy Note 10+ 256GB,12GB,10MP,12MP + 16MP,Exynos 9825,4300mAh,6.8 inches,1099.0,2019
Samsung,Galaxy Note 10+ 512GB,12GB,10MP,12MP + 16MP,Exynos 9825,4300mAh,6.8 inches,1199.0,2019
Samsung,Galaxy Note 10 256GB,8GB,10MP,12MP + 16MP,Exynos 9825,3500mAh,6.3 inches,949.0,2019
Samsung,Galaxy Note 10 128GB,8GB,10MP,12MP + 16MP,Exynos 9825,3500mAh,6.3 inches,899.0,2019
Samsung,Galaxy Xcover 6 Pro 128GB,6GB,13MP,50MP,Exynos 1380,4050mAh,6.6 inches,499.0,2022
Samsung,Galaxy Xcover 5 64GB,4GB,5MP,16MP,Exynos 850,3000mAh,5.3 inches,249.0,2020
Samsung,Galaxy J8 64GB,4GB,16MP,16MP + 5MP,Snapdragon 450,3500mAh,6.0 inches,199.0,2018
Samsung,Galaxy J7 Pro 64GB,3GB,13MP,13MP,Exynos 7870,3600mAh,5.5 inches,179.0,2017
Samsung,Galaxy J6+ 64GB,4GB,8MP,13MP + 5MP,Snapdragon 425,3300mAh,6.0 inches,169.0,2018
Samsung,Galaxy J4 16GB,2GB,5MP,13MP,Exynos 7570,3000mAh,5.5 inches,129.0,2018
Samsung,Galaxy C9 Pro 64GB,6GB,16MP,16MP + 8MP,Snapdragon 653,4000mAh,6.0 inches,399.0,2016
Samsung,Galaxy C7 Pro 64GB,4GB,16MP,16MP,Snapdragon 625,3300mAh,5.7 inches,299.0,2017
Samsung,Galaxy C5 32GB,4GB,8MP,16MP,Snapdragon 617,2600mAh,5.2 inches,249.0,2016
Samsung,Galaxy W22 5G 256GB,12GB,10MP,108MP + 12MP,Snapdragon 888,4500mAh,7.6 inches,1499.0,2021
Samsung,Galaxy W21 5G 256GB,12GB,10MP,108MP + 12MP,Snapdragon 888,4500mAh,7.6 inches,1399.0,2020
Samsung,Galaxy Tab S9 Ultra 256GB,12GB,12MP + 12MP,13MP + 8MP,Snapdragon 8 Gen 2,11200mAh,14.6 inches,1199.0,2023
Samsung,Galaxy Tab S9+ 256GB,12GB,12MP,13MP + 8MP,Snapdragon 8 Gen 2,10090mAh,12.4 inches,999.0,2023
Samsung,Galaxy Tab S9 128GB,8GB,12MP,13MP,Snapdragon 8 Gen 2,8400mAh,11 inches,799.0,2023
Samsung,Galaxy Tab S9 FE 128GB,6GB,12MP,8MP,Exynos 1380,8000mAh,10.9 inches,549.0,2023
Samsung,Galaxy Tab S8 Ultra 256GB,12GB,12MP + 12MP,13MP + 6MP,Snapdragon 8 Gen 1,11200mAh,14.6 inches,1099.0,2022
Samsung,Galaxy Tab S8+ 256GB,8GB,12MP,13MP + 6MP,Snapdragon 8 Gen 1,10090mAh,12.4 inches,899.0,2022
Samsung,Galaxy Tab S8 128GB,8GB,12MP,13MP + 6MP,Snapdragon 8 Gen 1,8000mAh,11 inches,699.0,2022
Samsung,Galaxy Tab A9+ 128GB,8GB,5MP,8MP,Snapdragon 695,7040mAh,11 inches,229.0,2023
Samsung,Galaxy Tab A9 64GB,4GB,2MP,8MP,MediaTek Helio G99,5100mAh,8.7 inches,179.0,2023
Samsung,Galaxy Tab A8 64GB,4GB,5MP,8MP,Unisoc T618,7040mAh,10.5 inches,199.0,2022
Samsung,Galaxy Tab A7 Lite 32GB,3GB,2MP,8MP,MediaTek Helio P22T,5100mAh,8.7 inches,149.0,2021
Samsung,Galaxy Tab Active 5 128GB,6GB,5MP,13MP,Exynos 1380,5050mAh,8 inches,549.0,2024
Samsung,Galaxy Tab Active 4 Pro 128GB,6GB,8MP,13MP,Snapdragon 778G,7600mAh,10.1 inches,649.0,2022
Samsung,Galaxy Tab Active 3 64GB,4GB,5MP,13MP,Exynos 9810,5050mAh,8 inches,499.0,2020
Samsung,Galaxy Tab E 10.1 16GB,1.5GB,2MP,5MP,Spreadtrum SC8830,5000mAh,10.1 inches,129.0,2016
Samsung,Galaxy Tab E 8.0 16GB,1.5GB,2MP,5MP,Qualcomm MSM8916,5000mAh,8 inches,99.0,2016
OnePlus,OnePlus 12 256GB,12GB,32MP,50MP + 48MP,Snapdragon 8 Gen 3,5000mAh,6.7 inches,799.0,2024
OnePlus,OnePlus 12R 256GB,12GB,16MP,50MP + 8MP,Snapdragon 8 Gen 2,4500mAh,6.7 inches,699.0,2024
OnePlus,OnePlus 11 256GB,12GB,16MP,50MP + 48MP,Snapdragon 8 Gen 1,5000mAh,6.7 inches,699.0,2023
OnePlus,OnePlus 11R 256GB,12GB,16MP,50MP + 8MP,Snapdragon 8 Gen 1,5000mAh,6.7 inches,599.0,2023
OnePlus,OnePlus Nord 3 256GB,12GB,16MP,50MP + 8MP,MediaTek Dimensity 9000,5000mAh,6.74 inches,499.0,2023
OnePlus,OnePlus Nord CE 3 128GB,8GB,16MP,50MP + 2MP,Snapdragon 782G,5000mAh,6.72 inches,399.0,2023
OnePlus,OnePlus Nord CE 3 Lite 128GB,8GB,16MP,108MP,Snapdragon 695,5000mAh,6.72 inches,299.0,2023
OnePlus,OnePlus Nord N30 5G 128GB,8GB,16MP,64MP + 2MP,MediaTek Dimensity 6020,5000mAh,6.72 inches,249.0,2023
OnePlus,OnePlus Open 256GB,16GB,32MP,48MP + 48MP,Snapdragon 8 Gen 2,4800mAh,7.8 inches,1099.0,2024
OnePlus,OnePlus 10 Pro 256GB,12GB,32MP,50MP + 48MP,Snapdragon 8 Gen 1,5000mAh,6.7 inches,899.0,2022
OnePlus,OnePlus 10T 256GB,12GB,16MP,50MP + 8MP,Snapdragon 8+ Gen 1,4500mAh,6.7 inches,749.0,2022
OnePlus,OnePlus 9 Pro 256GB,12GB,16MP,48MP + 50MP,Snapdragon 888,4500mAh,6.7 inches,699.0,2021
OnePlus,OnePlus 9 128GB,8GB,16MP,48MP + 50MP,Snapdragon 888,4500mAh,6.55 inches,599.0,2021
OnePlus,OnePlus 11 Pro 256GB,16GB,32MP,50MP + 48MP,Snapdragon 8 Gen 2,5000mAh,6.7 inches,899.0,2023
OnePlus,OnePlus Nord 2T 128GB,8GB,32MP,50MP + 8MP,MediaTek Dimensity 1300,4500mAh,6.43 inches,399.0,2022
OnePlus,OnePlus Nord 2 128GB,8GB,32MP,50MP + 8MP,MediaTek Dimensity 1200-AI,4500mAh,6.43 inches,349.0,2021
OnePlus,OnePlus Nord N200 64GB,4GB,16MP,13MP + 2MP,Snapdragon 480,5000mAh,6.49 inches,199.0,2021
OnePlus,OnePlus Nord N100 64GB,4GB,8MP,13MP + 2MP,Qualcomm Snapdragon 460,5000mAh,6.52 inches,179.0,2020
OnePlus,OnePlus 8T Cyberpunk 2077 Edition 256GB,12GB,16MP,48MP + 16MP,Snapdragon 865,4500mAh,6.55 inches,749.0,2020
OnePlus,OnePlus 9T 128GB,8GB,16MP,48MP + 50MP,Snapdragon 888,4500mAh,6.55 inches,649.0,2021
OnePlus,OnePlus 8T 256GB,12GB,16MP,48MP + 16MP,Snapdragon 865,4500mAh,6.55 inches,599.0,2020
OnePlus,OnePlus 10T 5G 256GB,12GB,16MP,50MP + 8MP,Snapdragon 8+ Gen 1,4500mAh,6.7 inches,749.0,2022
OnePlus,OnePlus 9R 5G 128GB,8GB,16MP,48MP + 5MP,Snapdragon 870,4500mAh,6.55 inches,599.0,2021
OnePlus,OnePlus 8 Pro 256GB,12GB,16MP,48MP + 48MP,Snapdragon 865,4510mAh,6.78 inches,749.0,2020
OnePlus,OnePlus 8 128GB,8GB,16MP,48MP + 16MP,Snapdragon 865,4300mAh,6.55 inches,699.0,2020
OnePlus,OnePlus Nord CE 2 Lite 128GB,6GB,16MP,64MP + 2MP,MediaTek Dimensity 900,5000mAh,6.59 inches,249.0,2022
OnePlus,OnePlus Nord CE 2 128GB,8GB,16MP,64MP + 8MP,MediaTek Dimensity 1200,4500mAh,6.43 inches,299.0,2022
OnePlus,OnePlus Nord 1 128GB,6GB,16MP,48MP + 5MP,Snapdragon 765G,4115mAh,6.44 inches,349.0,2020
OnePlus,OnePlus Nord CE 5G 128GB,6GB,16MP,64MP + 8MP,Snapdragon 750G,4500mAh,6.43 inches,299.0,2021
OnePlus,OnePlus Nord 2 5G 128GB,8GB,32MP,50MP + 8MP,MediaTek Dimensity 1200-AI,4500mAh,6.43 inches,399.0,2021
OnePlus,OnePlus Nord N100 5G 64GB,4GB,8MP,13MP + 2MP,Qualcomm Snapdragon 460,5000mAh,6.52 inches,179.0,2020
OnePlus,OnePlus Nord N10 5G 128GB,6GB,16MP,64MP + 8MP,Qualcomm Snapdragon 690,4300mAh,6.49 inches,299.0,2020
OnePlus,OnePlus 8R 128GB,8GB,16MP,48MP + 5MP,Snapdragon 865,4300mAh,6.55 inches,649.0,2020
OnePlus,OnePlus 7R 128GB,6GB,16MP,48MP + 5MP,Snapdragon 855,3700mAh,6.41 inches,599.0,2020
OnePlus,OnePlus 6T McLaren Edition 256GB,10GB,16MP,20MP + 16MP,Snapdragon 845,3700mAh,6.41 inches,799.0,2018
OnePlus,OnePlus 5T Star Wars Edition 128GB,6GB,16MP,16MP + 20MP,Snapdragon 835,3300mAh,6.01 inches,649.0,2017
OnePlus,OnePlus 13R 128GB,8GB,16MP,50MP + 8MP,Snapdragon 8 Gen 2,4500mAh,6.7 inches,849.0,2023
OnePlus,OnePlus 11T 128GB,12GB,32MP,50MP + 48MP,Snapdragon 8 Gen 2,5000mAh,6.7 inches,799.0,2023
OnePlus,OnePlus 10R 128GB,8GB,16MP,50MP + 16MP,MediaTek Dimensity 8100,4500mAh,6.7 inches,599.0,2022
OnePlus,OnePlus 7 Pro 5G 256GB,12GB,16MP,48MP + 8MP,Snapdragon 855,4000mAh,6.67 inches,799.0,2019
OnePlus,OnePlus 6 Special Edition 128GB,6GB,16MP,20MP + 16MP,Snapdragon 845,3300mAh,6.28 inches,599.0,2018
OnePlus,OnePlus 5 Special Edition 128GB,8GB,16MP,20MP + 16MP,Snapdragon 835,3300mAh,5.5 inches,599.0,2017
OnePlus,OnePlus Nord X 128GB,8GB,32MP,64MP + 8MP,Snapdragon 765G,4000mAh,6.44 inches,299.0,2020
OnePlus,OnePlus 8 Pro McLaren Edition 256GB,12GB,16MP,48MP + 8MP,Snapdragon 865,4510mAh,6.78 inches,899.0,2020
OnePlus,OnePlus 8T Cyberpunk Edition 256GB,12GB,16MP,48MP + 16MP,Snapdragon 865,4500mAh,6.55 inches,799.0,2020
OnePlus,OnePlus 7T Pro 5G McLaren Edition 256GB,12GB,16MP,48MP + 8MP,Snapdragon 855,4085mAh,6.67 inches,899.0,2019
OnePlus,OnePlus 15R 128GB,12GB,32MP,50MP + 8MP,Snapdragon 8 Gen 3,5000mAh,6.7 inches,849.0,2023
OnePlus,OnePlus 14+ 128GB,8GB,16MP,64MP + 8MP,Snapdragon 8 Gen 2,4800mAh,6.55 inches,799.0,2023
OnePlus,OnePlus 13 Pro 256GB,12GB,32MP,50MP + 48MP,Snapdragon 8 Gen 2,5000mAh,6.7 inches,899.0,2023
OnePlus,OnePlus 12T 5G 256GB,12GB,16MP,50MP + 8MP,Snapdragon 8 Gen 2,5000mAh,6.7 inches,849.0,2023
OnePlus,OnePlus Pad,8GB,8MP,13MP,MediaTek Dimensity 9000,9510mAh,11.61 inches,499.0,2023
OnePlus,OnePlus Pad 2,8GB,8MP,13MP,MediaTek Dimensity 9000,9510mAh,11.61 inches,549.0,2024
OnePlus,OnePlus Pad Pro,12GB,16MP,50MP,Snapdragon 8 Gen 3,11000mAh,12.4 inches,799.0,2024
Vivo,X200 128GB,12GB,32MP,50MP,Dimensity 9400,6000mAh,6.78 inches,999.0,2024
Vivo,X200 256GB,12GB,32MP,50MP,Dimensity 9400,6000mAh,6.78 inches,1099.0,2024
Vivo,X200 Pro 256GB,16GB,32MP,200MP,Dimensity 9400,6000mAh,6.78 inches,1199.0,2024
Vivo,X200 Pro 512GB,16GB,32MP,200MP,Dimensity 9400,6000mAh,6.78 inches,1299.0,2024
Vivo,X200 Pro Mini 256GB,16GB,32MP,50MP,Dimensity 9400,5700mAh,6.31 inches,949.0,2024
Vivo,V40e 128GB,8GB,44MP,64MP,Snapdragon 778G,4100mAh,6.44 inches,449.0,2024
Vivo,Y200 GT 128GB,12GB,16MP,64MP,Dimensity 1200,5000mAh,6.58 inches,399.0,2024
Vivo,T3 5G 128GB,8GB,16MP,50MP,Snapdragon 870,5000mAh,6.67 inches,349.0,2024
Vivo,Y100 5G 128GB,8GB,16MP,64MP,Dimensity 900,4500mAh,6.38 inches,299.0,2024
Vivo,S18 Pro 256GB,12GB,32MP,108MP,Snapdragon 8 Gen 2,4700mAh,6.56 inches,599.0,2024
Vivo,V30 Pro 128GB,12GB,32MP,64MP,Dimensity 1100,4500mAh,6.44 inches,549.0,2024
Vivo,iQOO 12 256GB,16GB,16MP,50MP,Snapdragon 8 Gen 3,5000mAh,6.78 inches,699.0,2024
Vivo,Z3 64GB,6GB,12MP,16MP,Snapdragon 710,3315mAh,6.3 inches,249.0,2018
Vivo,V9 64GB,4GB,24MP,16MP,Snapdragon 626,3260mAh,6.3 inches,219.0,2018
Vivo,X9 Plus 128GB,6GB,20MP+8MP,16MP,Snapdragon 653,4000mAh,5.88 inches,299.0,2017
Vivo,Y81 32GB,3GB,5MP,13MP,MediaTek Helio P22,3260mAh,6.22 inches,149.0,2018
Vivo,X5Max 16GB,2GB,5MP,13MP,Snapdragon 615,2300mAh,5.5 inches,199.0,2014
Vivo,V5 Plus 64GB,4GB,20MP+8MP,16MP,Snapdragon 625,3055mAh,5.5 inches,249.0,2017
Vivo,Y95 64GB,4GB,20MP,13MP+2MP,Snapdragon 439,4030mAh,6.22 inches,199.0,2018
Vivo,V3 Max 32GB,4GB,8MP,13MP,Snapdragon 652,3000mAh,5.5 inches,179.0,2016
Vivo,X3S 16GB,1GB,5MP,13MP,MediaTek MT6592,2000mAh,5.0 inches,139.0,2014
Vivo,Y66 32GB,3GB,16MP,13MP,Snapdragon 430,3000mAh,5.5 inches,179.0,2017
Vivo,V19 128GB,8GB,32MP,48MP,Qualcomm Snapdragon 712,4500mAh,6.44 inches,399.0,2020
Vivo,V19 256GB,8GB,32MP,48MP,Qualcomm Snapdragon 712,4500mAh,6.44 inches,429.0,2020
Vivo,V17 Pro 128GB,8GB,32MP,48MP,Qualcomm Snapdragon 675,4100mAh,6.44 inches,399.0,2019
Vivo,V17 Pro 256GB,8GB,32MP,48MP,Qualcomm Snapdragon 675,4100mAh,6.44 inches,429.0,2019
Vivo,Y12s 64GB,3GB,8MP,13MP,MediaTek Helio P35,5000mAh,6.51 inches,159.0,2020
Vivo,Y12s 128GB,4GB,8MP,13MP,MediaTek Helio P35,5000mAh,6.51 inches,179.0,2020
Vivo,S1 Pro 128GB,6GB,32MP,48MP,MediaTek Helio P65,4500mAh,6.38 inches,249.0,2019
Vivo,S1 Pro 256GB,6GB,32MP,48MP,MediaTek Helio P65,4500mAh,6.38 inches,269.0,2019
Vivo,Y11 32GB,3GB,8MP,13MP,Qualcomm Snapdragon 439,5000mAh,6.35 inches,149.0,2019
Vivo,Y11 64GB,3GB,8MP,13MP,Qualcomm Snapdragon 439,5000mAh,6.35 inches,169.0,2019
Vivo,V15 128GB,6GB,32MP,48MP,MediaTek Helio P70,4000mAh,6.53 inches,299.0,2019
Vivo,V15 256GB,6GB,32MP,48MP,MediaTek Helio P70,4000mAh,6.53 inches,319.0,2019
Vivo,X27 Pro 128GB,8GB,32MP,48MP,Qualcomm Snapdragon 710,4000mAh,6.39 inches,499.0,2019
Vivo,X27 Pro 256GB,8GB,32MP,48MP,Qualcomm Snapdragon 710,4000mAh,6.39 inches,549.0,2019
Vivo,Y30 128GB,4GB,8MP,13MP,MediaTek Helio P35,5000mAh,6.47 inches,199.0,2020
Vivo,Y30 64GB,3GB,8MP,13MP,MediaTek Helio P35,5000mAh,6.47 inches,169.0,2020
Vivo,Z1 Pro 64GB,4GB,16MP,16MP,Qualcomm Snapdragon 712,4500mAh,6.53 inches,249.0,2019
Vivo,Z1 Pro 128GB,6GB,16MP,16MP,Qualcomm Snapdragon 712,4500mAh,6.53 inches,299.0,2019
Vivo,X21 128GB,6GB,12MP,12MP,Qualcomm Snapdragon 660,3200mAh,6.28 inches,349.0,2018
Vivo,X21 64GB,4GB,12MP,12MP,Qualcomm Snapdragon 660,3200mAh,6.28 inches,299.0,2018
Vivo,V23e 128GB,8GB,50MP,64MP,MediaTek Helio G96,4050mAh,6.44 inches,299.0,2021
Vivo,V23e 256GB,8GB,50MP,64MP,MediaTek Helio G96,4050mAh,6.44 inches,349.0,2021
Vivo,Y33s 128GB,8GB,16MP,50MP,MediaTek Helio G80,5000mAh,6.58 inches,239.0,2021
Vivo,Y33s 64GB,4GB,16MP,50MP,MediaTek Helio G80,5000mAh,6.58 inches,179.0,2021
Vivo,X60 Pro 256GB,12GB,32MP,48MP,Qualcomm Snapdragon 870,4200mAh,6.56 inches,899.0,2021
Vivo,X60 Pro 512GB,12GB,32MP,48MP,Qualcomm Snapdragon 870,4200mAh,6.56 inches,999.0,2021
Vivo,V20 Pro 128GB,8GB,44MP,64MP,Qualcomm Snapdragon 765G,4000mAh,6.44 inches,499.0,2020
Vivo,V20 Pro 256GB,8GB,44MP,64MP,Qualcomm Snapdragon 765G,4000mAh,6.44 inches,549.0,2020
Vivo,Y75 5G 128GB,8GB,16MP,50MP,MediaTek Dimensity 700,5000mAh,6.58 inches,349.0,2021
Vivo,Y75 5G 256GB,8GB,16MP,50MP,MediaTek Dimensity 700,5000mAh,6.58 inches,399.0,2021
Vivo,Y53s 128GB,6GB,16MP,64MP,MediaTek Helio G80,5000mAh,6.58 inches,229.0,2021
Vivo,Y53s 64GB,6GB,16MP,64MP,MediaTek Helio G80,5000mAh,6.58 inches,179.0,2021
Vivo,V15 Pro 128GB,6GB,32MP,48MP,Qualcomm Snapdragon 675,3700mAh,6.39 inches,399.0,2019
Vivo,V15 Pro 256GB,6GB,32MP,48MP,Qualcomm Snapdragon 675,3700mAh,6.39 inches,449.0,2019
Vivo,X70 Pro 128GB,8GB,32MP,50MP,MediaTek Dimensity 1200,4450mAh,6.56 inches,749.0,2021
Vivo,X70 Pro 256GB,8GB,32MP,50MP,MediaTek Dimensity 1200,4450mAh,6.56 inches,799.0,2021
Vivo,T1 5G 128GB,6GB,16MP,50MP,Qualcomm Snapdragon 695,5000mAh,6.58 inches,269.0,2022
Vivo,T1 5G 256GB,8GB,16MP,50MP,Qualcomm Snapdragon 695,5000mAh,6.58 inches,319.0,2022
Vivo,X30 Pro 128GB,8GB,32MP,64MP,Qualcomm Snapdragon 855,4200mAh,6.44 inches,899.0,2019
Vivo,X30 Pro 256GB,8GB,32MP,64MP,Qualcomm Snapdragon 855,4200mAh,6.44 inches,949.0,2019
Vivo,V27 128GB,8GB,50MP,50MP,MediaTek Dimensity 8200,4600mAh,6.78 inches,599.0,2023
Vivo,V27 256GB,8GB,50MP,50MP,MediaTek Dimensity 8200,4600mAh,6.78 inches,649.0,2023
Vivo,V27 Pro 128GB,8GB,50MP,50MP,MediaTek Dimensity 8200,4600mAh,6.78 inches,699.0,2023
Vivo,V27 Pro 256GB,8GB,50MP,50MP,MediaTek Dimensity 8200,4600mAh,6.78 inches,749.0,2023
Vivo,V25 Pro 128GB,8GB,32MP,64MP,MediaTek Dimensity 1300,4830mAh,6.56 inches,599.0,2022
Vivo,V25 Pro 256GB,8GB,32MP,64MP,MediaTek Dimensity 1300,4830mAh,6.56 inches,649.0,2022
Vivo,X90 Pro 256GB,12GB,32MP,50MP,MediaTek Dimensity 9200,4870mAh,6.78 inches,1099.0,2022
Vivo,X90 Pro 512GB,12GB,32MP,50MP,MediaTek Dimensity 9200,4870mAh,6.78 inches,1199.0,2022
Vivo,Y100 128GB,8GB,16MP,64MP,MediaTek Dimensity 900,4500mAh,6.44 inches,399.0,2023
Vivo,Y100 256GB,8GB,16MP,64MP,MediaTek Dimensity 900,4500mAh,6.44 inches,449.0,2023
Vivo,T2 Series 128GB,8GB,16MP,64MP,Qualcomm Snapdragon 695,4500mAh,6.44 inches,299.0,2023
Vivo,T2 Series 256GB,8GB,16MP,64MP,Qualcomm Snapdragon 695,4500mAh,6.44 inches,349.0,2023
Vivo,V23 5G 128GB,8GB,50MP,64MP,MediaTek Dimensity 920,4200mAh,6.44 inches,499.0,2022
Vivo,V23 5G 256GB,8GB,50MP,64MP,MediaTek Dimensity 920,4200mAh,6.44 inches,549.0,2022
Vivo,X80 256GB,12GB,32MP,50MP,MediaTek Dimensity 9000,4700mAh,6.78 inches,899.0,2022
Vivo,X80 512GB,12GB,32MP,50MP,MediaTek Dimensity 9000,4700mAh,6.78 inches,999.0,2022
Vivo,Y21 128GB,4GB,8MP,13MP,MediaTek Helio P35,5000mAh,6.51 inches,199.0,2021
Vivo,Y21 64GB,4GB,8MP,13MP,MediaTek Helio P35,5000mAh,6.51 inches,179.0,2021
Vivo,Pad 128GB,6GB,8MP,13MP,Snapdragon 870,8040mAh,11 inches,329.0,2022
Vivo,Pad 2 256GB,8GB,8MP,50MP,MediaTek Dimensity 1200,8040mAh,11 inches,399.0,2023
Vivo,Pad Air 128GB,6GB,8MP,13MP,Snapdragon 870,8040mAh,10.4 inches,279.0,2023
Vivo,Pad 3 128GB,6GB,8MP,13MP,Snapdragon 750G,8040mAh,11 inches,349.0,2023
Vivo,Pad 3 Pro 256GB,8GB,8MP,50MP,Snapdragon 888,8040mAh,12.3 inches,449.0,2023
Vivo,Pad 4 Pro 256GB,8GB,8MP,50MP,MediaTek Dimensity 9000,8040mAh,12.9 inches,499.0,2024
iQOO,Pad 128GB,6GB,8MP,13MP,Snapdragon 870,8040mAh,11 inches,349.0,2023
iQOO,Pad 2 256GB,8GB,8MP,50MP,Snapdragon 888,8040mAh,12.3 inches,399.0,2024
iQOO,Pad 2 Pro 256GB,8GB,8MP,50MP,Snapdragon 8 Gen 1,8040mAh,12.3 inches,449.0,2024
Oppo,Find N3 512GB,12GB,32MP,48MP + 64MP + 48MP,Snapdragon 8 Gen 2,4805mAh,7.82 inches,1399.0,2023
Oppo,Find N3 Flip 256GB,12GB,32MP,50MP + 32MP + 48MP,MediaTek Dimensity 9200,4300mAh,6.8 inches,999.0,2023
Oppo,Find X8 Pro 256GB,12GB,32MP,50MP + 50MP + 50MP,Snapdragon 8 Gen 2,5000mAh,6.8 inches,1299.0,2024
Oppo,Find X8 256GB,8GB,32MP,50MP + 50MP,Snapdragon 8 Gen 2,4800mAh,6.7 inches,1099.0,2024
Oppo,Reno13 F 4G 256GB,8GB,32MP,50MP + 8MP + 2MP,MediaTek Helio G100,5800mAh,6.67 inches,499.0,2025
Oppo,Reno13 F 256GB,8GB,32MP,50MP + 8MP + 2MP,MediaTek Helio G100,5800mAh,6.67 inches,499.0,2025
Oppo,Reno13 Pro 512GB,12GB,50MP,50MP + 50MP + 8MP,MediaTek Dimensity 8350,5800mAh,6.83 inches,799.0,2025
Oppo,Reno13 256GB,12GB,50MP,50MP + 8MP,MediaTek Dimensity 8350,5600mAh,6.59 inches,699.0,2025
Oppo,Reno12 F 4G 256GB,8GB,32MP,50MP + 8MP + 2MP,Snapdragon 685,5000mAh,6.7 inches,449.0,2024
Oppo,Reno12 F 256GB,8GB,32MP,50MP + 8MP + 2MP,Snapdragon 685,5000mAh,6.7 inches,449.0,2024
Oppo,Reno12 Pro 512GB,12GB,32MP,50MP + 32MP + 8MP,MediaTek Dimensity 8200,4600mAh,6.74 inches,749.0,2024
Oppo,Reno12 256GB,8GB,32MP,50MP + 8MP,MediaTek Dimensity 7050,5000mAh,6.7 inches,599.0,2024
Oppo,Reno11 F 256GB,8GB,32MP,64MP + 8MP + 2MP,MediaTek Dimensity 7050,5000mAh,6.7 inches,499.0,2024
Oppo,Reno11 Pro 512GB,12GB,32MP,50MP + 32MP + 8MP,MediaTek Dimensity 8200,4600mAh,6.74 inches,699.0,2024
Oppo,A5 Pro 256GB,8GB,16MP,50MP + 2MP,Dimensity 7300,6000mAh,6.7 inches,599.0,2024
Oppo,A5 Pro 512GB,12GB,16MP,50MP + 2MP,Dimensity 7300,6000mAh,6.7 inches,699.0,2024
Oppo,A80 256GB,8GB,8MP,50MP + 2MP,Dimensity 6300,5100mAh,6.67 inches,499.0,2024
Oppo,A3 4G 128GB,4GB,5MP,50MP,Snapdragon 6s 4G Gen 1,5000mAh,6.7 inches,399.0,2024
Oppo,A3x 4G 128GB,4GB,8MP,8MP + 2MP,Snapdragon 6s 4G Gen 1,5100mAh,6.67 inches,449.0,2024
Oppo,A3x 4G 256GB,6GB,8MP,8MP + 2MP,Snapdragon 6s 4G Gen 1,5100mAh,6.67 inches,499.0,2024
Oppo,A3 128GB,4GB,5MP,50MP,Snapdragon 6s 4G Gen 1,5000mAh,6.7 inches,399.0,2024
Oppo,A3x 128GB,4GB,8MP,8MP + 2MP,Snapdragon 6s 4G Gen 1,5100mAh,6.67 inches,449.0,2024
Oppo,A3x 256GB,6GB,8MP,8MP + 2MP,Snapdragon 6s 4G Gen 1,5100mAh,6.67 inches,499.0,2024
Oppo,A3 128GB,4GB,5MP,50MP,Snapdragon 6s 4G Gen 1,5000mAh,6.7 inches,399.0,2024
Oppo,A60 128GB,8GB,8MP,50MP + 2MP,Snapdragon 680 4G,5000mAh,6.67 inches,449.0,2024
Oppo,A60 256GB,8GB,8MP,50MP + 2MP,Snapdragon 680 4G,5000mAh,6.67 inches,499.0,2024
Oppo,K12 Plus 256GB,8GB,16MP,50MP,Snapdragon 7 Gen 3,6400mAh,6.7 inches,699.0,2024
Oppo,K12 Plus 512GB,12GB,16MP,50MP,Snapdragon 7 Gen 3,6400mAh,6.7 inches,799.0,2024
Oppo,F27 128GB,8GB,32MP,64MP + 2MP,Dimensity 7050,5000mAh,6.7 inches,499.0,2024
Oppo,F27 256GB,8GB,32MP,64MP + 2MP,Dimensity 7050,5000mAh,6.7 inches,549.0,2024
Oppo,F27 Pro+ 256GB,8GB,32MP,64MP + 2MP,Dimensity 7050,5000mAh,6.7 inches,599.0,2024
Oppo,F27 Pro+ 512GB,12GB,32MP,64MP + 2MP,Dimensity 7050,5000mAh,6.7 inches,699.0,2024
Oppo,F25 Pro 128GB,8GB,32MP,64MP + 2MP,Snapdragon 778G,4500mAh,6.55 inches,549.0,2023
Oppo,F25 Pro 256GB,8GB,32MP,64MP + 2MP,Snapdragon 778G,4500mAh,6.55 inches,599.0,2023
Oppo,Pad 3 128GB,8GB,8MP,13MP,Dimensity 8350,9510mAh,11.6 inches,699.0,2024
Oppo,Pad 3 256GB,12GB,8MP,13MP,Dimensity 8350,9510mAh,11.6 inches,799.0,2024
Oppo,Pad 3 Pro 256GB,12GB,8MP,13MP,Snapdragon 8 Gen 3,9510mAh,12.1 inches,899.0,2024
Oppo,Pad 3 Pro 512GB,16GB,8MP,13MP,Snapdragon 8 Gen 3,9510mAh,12.1 inches,999.0,2024
Oppo,Pad Neo 128GB,6GB,8MP,13MP,Snapdragon 870,8360mAh,11 inches,499.0,2023
Oppo,Pad Neo 256GB,8GB,8MP,13MP,Snapdragon 870,8360mAh,11 inches,599.0,2023
Oppo,Find X7 Ultra 256GB,12GB,32MP,50MP + 50MP + 50MP,Snapdragon 8 Gen 3,5000mAh,6.82 inches,1199.0,2024
Oppo,Find X7 Ultra 512GB,16GB,32MP,50MP + 50MP + 50MP,Snapdragon 8 Gen 3,5000mAh,6.82 inches,1299.0,2024
Oppo,Find X7 256GB,12GB,32MP,50MP + 50MP + 64MP,Dimensity 9300,5000mAh,6.78 inches,1099.0,2024
Oppo,Find X7 512GB,16GB,32MP,50MP + 50MP + 64MP,Dimensity 9300,5000mAh,6.78 inches,1199.0,2024
Oppo,Find X6 Pro 256GB,12GB,32MP,50MP + 50MP + 50MP,Snapdragon 8 Gen 2,5000mAh,6.82 inches,999.0,2023
Oppo,Find X6 Pro 512GB,16GB,32MP,50MP + 50MP + 50MP,Snapdragon 8 Gen 2,5000mAh,6.82 inches,1099.0,2023
Oppo,Find X6 256GB,12GB,32MP,50MP + 50MP + 50MP,Dimensity 9200,4800mAh,6.74 inches,899.0,2023
Oppo,Find X6 512GB,16GB,32MP,50MP + 50MP + 50MP,Dimensity 9200,4800mAh,6.74 inches,999.0,2023
Oppo,Find X5 Pro 256GB,12GB,32MP,50MP + 50MP + 13MP,Snapdragon 8 Gen 1,5000mAh,6.7 inches,899.0,2022
Oppo,Find X5 Pro 512GB,16GB,32MP,50MP + 50MP + 13MP,Snapdragon 8 Gen 1,5000mAh,6.7 inches,999.0,2022
Oppo,Find X5 256GB,8GB,32MP,50MP + 50MP + 13MP,Snapdragon 888,4800mAh,6.55 inches,799.0,2022
Oppo,Find N2 Flip 256GB,8GB,32MP,50MP + 8MP,Dimensity 9000+,4300mAh,6.8 inches,899.0,2023
Oppo,Find N2 Flip 512GB,12GB,32MP,50MP + 8MP,Dimensity 9000+,4300mAh,6.8 inches,999.0,2023
Oppo,Find N2 256GB,12GB,32MP,50MP + 48MP + 32MP,Snapdragon 8+ Gen 1,4520mAh,7.1 inches,1099.0,2022
Oppo,Reno10 5G 128GB,8GB,32MP,64MP + 32MP + 8MP,Dimensity 7050,"5,000mAh",6.7 inches,499.0,2023
Oppo,Reno10 5G 256GB,8GB,32MP,64MP + 32MP + 8MP,Dimensity 7050,"5,000mAh",6.7 inches,549.0,2023
Oppo,Reno10 Pro 5G 256GB,12GB,32MP,50MP + 32MP + 8MP,Snapdragon 778G,"4,600mAh",6.7 inches,599.0,2023
Oppo,Reno10 Pro+ 5G 256GB,16GB,32MP,50MP + 64MP + 8MP,Snapdragon 8+ Gen 1,"4,700mAh",6.74 inches,699.0,2023
Oppo,Reno9 5G 128GB,8GB,32MP,64MP + 2MP,Snapdragon 778G,"4,500mAh",6.7 inches,449.0,2022
Oppo,Reno9 5G 256GB,12GB,32MP,64MP + 2MP,Snapdragon 778G,"4,500mAh",6.7 inches,499.0,2022
Oppo,Reno9 Pro 5G 256GB,16GB,32MP,50MP + 8MP,Dimensity 8100,"4,500mAh",6.7 inches,599.0,2022
Oppo,Reno9 Pro+ 5G 256GB,16GB,32MP,50MP + 8MP + 2MP,Snapdragon 8+ Gen 1,"4,700mAh",6.7 inches,649.0,2022
Oppo,Reno8 5G 128GB,8GB,32MP,50MP + 8MP + 2MP,Dimensity 1300,"4,500mAh",6.4 inches,399.0,2022
Oppo,Reno8 5G 256GB,12GB,32MP,50MP + 8MP + 2MP,Dimensity 1300,"4,500mAh",6.4 inches,449.0,2022
Oppo,Reno8 Pro 5G 256GB,12GB,32MP,50MP + 8MP + 2MP,Dimensity 8100,"4,500mAh",6.7 inches,549.0,2022
Oppo,Reno8 Pro+ 5G 256GB,12GB,32MP,50MP + 8MP + 2MP,Dimensity 8100,"4,500mAh",6.7 inches,599.0,2022
Oppo,Reno7 5G 128GB,8GB,32MP,64MP + 8MP + 2MP,Dimensity 900,"4,500mAh",6.4 inches,349.0,2021
Oppo,Reno7 5G 256GB,12GB,32MP,64MP + 8MP + 2MP,Dimensity 900,"4,500mAh",6.4 inches,399.0,2021
Oppo,Reno7 Pro 5G 256GB,12GB,32MP,50MP + 8MP + 2MP,Dimensity 1200,"4,500mAh",6.55 inches,499.0,2021
Oppo,Reno6 5G 128GB,8GB,32MP,64MP + 8MP + 2MP,Dimensity 900,"4,300mAh",6.43 inches,349.0,2021
Oppo,Reno6 5G 256GB,12GB,32MP,64MP + 8MP + 2MP,Dimensity 900,"4,300mAh",6.43 inches,399.0,2021
Oppo,Reno6 Pro 5G 128GB,8GB,32MP,64MP + 8MP + 2MP + 2MP,Dimensity 1200,"4,500mAh",6.55 inches,449.0,2021
Oppo,Reno6 Pro 5G 256GB,12GB,32MP,64MP + 8MP + 2MP + 2MP,Dimensity 1200,"4,500mAh",6.55 inches,499.0,2021
Oppo,Reno6 Pro+ 5G 256GB,12GB,32MP,50MP + 13MP + 16MP + 2MP,Snapdragon 870,"4,500mAh",6.55 inches,599.0,2021
Oppo,Reno5 5G 128GB,8GB,32MP,64MP + 8MP + 2MP + 2MP,Snapdragon 765G,"4,300mAh",6.43 inches,299.0,2020
Oppo,Reno5 5G 256GB,12GB,32MP,64MP + 8MP + 2MP + 2MP,Snapdragon 765G,"4,300mAh",6.43 inches,349.0,2020
Oppo,Reno5 Pro 5G 128GB,8GB,32MP,64MP + 8MP + 2MP + 2MP,Dimensity 1000+,"4,350mAh",6.55 inches,399.0,2020
Oppo,Reno5 Pro 5G 256GB,12GB,32MP,64MP + 8MP + 2MP + 2MP,Dimensity 1000+,"4,350mAh",6.55 inches,449.0,2020
Oppo,Reno5 Pro+ 5G 256GB,12GB,32MP,50MP + 16MP + 13MP + 2MP,Snapdragon 865,"4,500mAh",6.55 inches,599.0,2020
Oppo,Reno4 5G 128GB,8GB,32MP,48MP + 8MP + 2MP + 2MP,Snapdragon 765G,"4,000mAh",6.43 inches,299.0,2020
Oppo,Reno4 5G 256GB,8GB,32MP,48MP + 8MP + 2MP + 2MP,Snapdragon 765G,"4,000mAh",6.43 inches,349.0,2020
Oppo,Reno4 Pro 5G 256GB,12GB,32MP,48MP + 13MP + 12MP,Snapdragon 765G,"4,000mAh",6.55 inches,499.0,2020
Oppo,Reno3 5G 128GB,8GB,32MP,64MP + 8MP + 2MP + 2MP,Dimensity 1000L,"4,025mAh",6.4 inches,249.0,2019
Oppo,Reno3 5G 256GB,12GB,32MP,64MP + 8MP + 2MP + 2MP,Dimensity 1000L,"4,025mAh",6.4 inches,299.0,2019
Oppo,Reno3 Pro 5G 256GB,12GB,32MP,48MP + 13MP + 8MP + 2MP,Snapdragon 765G,"4,025mAh",6.5 inches,499.0,2019
Oppo,A59 5G 128GB,6GB,8MP,13MP + 2MP,MediaTek Dimensity 6020,"5,000mAh",6.56 inches,199.0,2023
Oppo,A59 5G 256GB,8GB,8MP,13MP + 2MP,MediaTek Dimensity 6020,"5,000mAh",6.56 inches,229.0,2023
Oppo,A58 5G 256GB,8GB,8MP,50MP + 2MP,MediaTek Dimensity 700,"5,000mAh",6.56 inches,249.0,2022
Oppo,A57 5G 128GB,6GB,8MP,13MP + 2MP,MediaTek Dimensity 810,"5,000mAh",6.56 inches,219.0,2022
Oppo,A56 5G 128GB,6GB,8MP,13MP + 2MP,MediaTek Dimensity 700,"5,000mAh",6.5 inches,199.0,2021
Oppo,A55 5G 128GB,6GB,8MP,13MP + 2MP + 2MP,MediaTek Dimensity 700,"5,000mAh",6.5 inches,189.0,2021
Oppo,A54 5G 128GB,6GB,16MP,48MP + 8MP + 2MP + 2MP,Qualcomm Snapdragon 480,"5,000mAh",6.5 inches,219.0,2021
Oppo,A53 5G 128GB,4GB,8MP,16MP + 2MP + 2MP,MediaTek Dimensity 720,"4,040mAh",6.5 inches,179.0,2020
Oppo,A52 5G 128GB,4GB,8MP,12MP + 8MP + 2MP + 2MP,MediaTek Dimensity 720,"4,000mAh",6.5 inches,169.0,2020
Oppo,A51 5G 128GB,4GB,8MP,13MP + 2MP + 2MP,MediaTek Dimensity 700,"4,000mAh",6.5 inches,149.0,2020
Oppo,A50 5G 128GB,4GB,8MP,13MP + 2MP,MediaTek Dimensity 700,"4,000mAh",6.5 inches,139.0,2020
Oppo,A49 5G 128GB,4GB,8MP,13MP + 2MP,MediaTek Dimensity 700,"4,000mAh",6.5 inches,129.0,2020
Oppo,A40 128GB,4GB,5MP,50MP,Qualcomm Snapdragon 6s Gen 1,"5,100mAh",6.67 inches,199.0,2024
Oppo,A40 256GB,6GB,5MP,50MP,Qualcomm Snapdragon 6s Gen 1,"5,100mAh",6.67 inches,229.0,2024
Oppo,K11x 128GB,8GB,16MP,108MP + 2MP,Qualcomm Snapdragon 695,"5,000mAh",6.72 inches,199.0,2023
Oppo,K11x 256GB,12GB,16MP,108MP + 2MP,Qualcomm Snapdragon 695,"5,000mAh",6.72 inches,229.0,2023
Oppo,K10x 128GB,6GB,16MP,64MP + 2MP + 2MP,Qualcomm Snapdragon 695,"5,000mAh",6.59 inches,199.0,2022
Oppo,K10x 256GB,8GB,16MP,64MP + 2MP + 2MP,Qualcomm Snapdragon 695,"5,000mAh",6.59 inches,229.0,2022
Oppo,K10 5G 128GB,8GB,16MP,64MP + 8MP + 2MP,MediaTek Dimensity 8000-Max,"5,000mAh",6.59 inches,249.0,2022
Oppo,K9x 128GB,6GB,16MP,64MP + 2MP + 2MP,MediaTek Dimensity 810,"5,000mAh",6.5 inches,199.0,2021
Oppo,K9x 256GB,8GB,16MP,64MP + 2MP + 2MP,MediaTek Dimensity 810,"5,000mAh",6.5 inches,229.0,2021
Oppo,K9 Pro 5G 128GB,8GB,16MP,64MP + 8MP + 2MP,MediaTek Dimensity 1200,"4,500mAh",6.43 inches,299.0,2021
Oppo,K9 Pro 5G 256GB,12GB,16MP,64MP + 8MP + 2MP,MediaTek Dimensity 1200,"4,500mAh",6.43 inches,329.0,2021
Oppo,K9 5G 128GB,8GB,32MP,64MP + 8MP + 2MP,Qualcomm Snapdragon 768G,"4,300mAh",6.43 inches,279.0,2021
Oppo,K9 5G 256GB,8GB,32MP,64MP + 8MP + 2MP,Qualcomm Snapdragon 768G,"4,300mAh",6.43 inches,299.0,2021
Oppo,K7x 128GB,6GB,16MP,48MP + 8MP + 2MP + 2MP,MediaTek Dimensity 720,"5,000mAh",6.5 inches,199.0,2020
Oppo,K7 5G 128GB,8GB,32MP,48MP + 8MP + 2MP + 2MP,Qualcomm Snapdragon 765G,"4,025mAh",6.4 inches,279.0,2020
Oppo,K7 5G 256GB,8GB,32MP,48MP + 8MP + 2MP + 2MP,Qualcomm Snapdragon 765G,"4,025mAh",6.4 inches,299.0,2020
Oppo,K11x 128GB,8GB,16MP,108MP + 2MP,Qualcomm Snapdragon 695,"5,000mAh",6.72 inches,199.0,2023
Oppo,K11x 256GB,12GB,16MP,108MP + 2MP,Qualcomm Snapdragon 695,"5,000mAh",6.72 inches,229.0,2023
Oppo,K11 128GB,8GB,16MP,64MP + 8MP + 2MP,Qualcomm Snapdragon 782G,"5,000mAh",6.7 inches,259.0,2023
Oppo,K11 256GB,12GB,16MP,64MP + 8MP + 2MP,Qualcomm Snapdragon 782G,"5,000mAh",6.7 inches,299.0,2023
Oppo,K10x 128GB,6GB,16MP,64MP + 2MP + 2MP,Qualcomm Snapdragon 695,"5,000mAh",6.59 inches,199.0,2022
Oppo,K10x 256GB,8GB,16MP,64MP + 2MP + 2MP,Qualcomm Snapdragon 695,"5,000mAh",6.59 inches,229.0,2022
Oppo,K10 5G 128GB,8GB,16MP,64MP + 8MP + 2MP,MediaTek Dimensity 8000-Max,"5,000mAh",6.59 inches,249.0,2022
Oppo,K10 5G 256GB,12GB,16MP,64MP + 8MP + 2MP,MediaTek Dimensity 8000-Max,"5,000mAh",6.59 inches,279.0,2022
Oppo,K9x 128GB,6GB,16MP,64MP + 2MP + 2MP,MediaTek Dimensity 810,"5,000mAh",6.5 inches,199.0,2021
Oppo,K9x 256GB,8GB,16MP,64MP + 2MP + 2MP,MediaTek Dimensity 810,"5,000mAh",6.5 inches,229.0,2021
Oppo,K9 Pro 5G 128GB,8GB,16MP,64MP + 8MP + 2MP,MediaTek Dimensity 1200,"4,500mAh",6.43 inches,299.0,2021
Oppo,K9 Pro 5G 256GB,12GB,16MP,64MP + 8MP + 2MP,MediaTek Dimensity 1200,"4,500mAh",6.43 inches,329.0,2021
Oppo,K9 5G 128GB,8GB,32MP,64MP + 8MP + 2MP,Qualcomm Snapdragon 768G,"4,300mAh",6.43 inches,279.0,2021
Oppo,K9 5G 256GB,8GB,32MP,64MP + 8MP + 2MP,Qualcomm Snapdragon 768G,"4,300mAh",6.43 inches,299.0,2021
Oppo,K7x 128GB,6GB,16MP,48MP + 8MP + 2MP + 2MP,MediaTek Dimensity 720,"5,000mAh",6.5 inches,199.0,2020
Oppo,K7 5G 128GB,8GB,32MP,48MP + 8MP + 2MP + 2MP,Qualcomm Snapdragon 765G,"4,025mAh",6.4 inches,279.0,2020
Realme,GT 7 Pro 128GB,12GB,16MP,50MP + 50MP + 8MP,Qualcomm Snapdragon 8 Elite,"6,500mAh",6.78 inches,470.0,2024
Realme,GT 7 Pro 256GB,16GB,16MP,50MP + 50MP + 8MP,Qualcomm Snapdragon 8 Elite,"6,500mAh",6.78 inches,500.0,2024
Realme,GT 6 128GB,8GB,32MP,50MP + 8MP + 50MP,Qualcomm Snapdragon 8s Gen 3,"5,500mAh",6.78 inches,380.0,2023
Realme,GT 6 256GB,12GB,32MP,50MP + 8MP + 50MP,Qualcomm Snapdragon 8s Gen 3,"5,500mAh",6.78 inches,400.0,2023
Realme,GT 6 512GB,16GB,32MP,50MP + 8MP + 50MP,Qualcomm Snapdragon 8s Gen 3,"5,500mAh",6.78 inches,420.0,2023
Realme,GT 6T 128GB,8GB,32MP,50MP + 8MP,Qualcomm Snapdragon 7 Plus Gen 3,"5,500mAh",6.78 inches,360.0,2023
Realme,GT 6T 256GB,8GB,32MP,50MP + 8MP,Qualcomm Snapdragon 7 Plus Gen 3,"5,500mAh",6.78 inches,380.0,2023
Realme,14 Pro+ 5G 256GB,12GB,16MP,50MP + 8MP + 50MP,Qualcomm Snapdragon 7s Gen 3,"6,000mAh",6.83 inches,340.0,2025
Realme,14 Pro+ 5G 512GB,12GB,16MP,50MP + 8MP + 50MP,Qualcomm Snapdragon 7s Gen 3,"6,000mAh",6.83 inches,360.0,2025
Realme,14 Pro 5G 128GB,8GB,16MP,50MP + 8MP,MediaTek Dimensity 7300 Energy,"5,800mAh",6.7 inches,320.0,2025
Realme,14 Pro 5G 256GB,8GB,16MP,50MP + 8MP,MediaTek Dimensity 7300 Energy,"5,800mAh",6.7 inches,340.0,2025
Realme,14x 5G 128GB,6GB,16MP,48MP + 2MP + 2MP,Qualcomm Snapdragon 7s Gen 2,"5,500mAh",6.6 inches,270.0,2025
Realme,14x 5G 256GB,8GB,16MP,48MP + 2MP + 2MP,Qualcomm Snapdragon 7s Gen 2,"5,500mAh",6.6 inches,290.0,2025
Realme,13+ 5G 128GB,8GB,16MP,50MP + 2MP,MediaTek Dimensity 7200,"5,000mAh",6.5 inches,250.0,2024
Realme,13+ 5G 256GB,8GB,16MP,50MP + 2MP,MediaTek Dimensity 7200,"5,000mAh",6.5 inches,270.0,2024
Realme,13 5G 128GB,6GB,16MP,50MP + 2MP,MediaTek Dimensity 6100+,"5,000mAh",6.6 inches,220.0,2024
Realme,13 5G 256GB,8GB,16MP,50MP + 2MP,MediaTek Dimensity 6100+,"5,000mAh",6.6 inches,240.0,2024
Realme,13 Pro 5G 128GB,8GB,16MP,50MP + 8MP + 2MP,Qualcomm Snapdragon 7s Gen 2,"5,200mAh",6.7 inches,300.0,2024
Realme,13 Pro 5G 256GB,12GB,16MP,50MP + 8MP + 2MP,Qualcomm Snapdragon 7s Gen 2,"5,200mAh",6.7 inches,320.0,2024
Realme,13 Pro+ 5G 256GB,12GB,32MP,50MP + 8MP + 50MP,Qualcomm Snapdragon 7+ Gen 2,"5,500mAh",6.78 inches,360.0,2024
Realme,13 Pro+ 5G 512GB,16GB,32MP,50MP + 8MP + 50MP,Qualcomm Snapdragon 7+ Gen 2,"5,500mAh",6.78 inches,380.0,2024
Realme,P1 Speed 5G 128GB,8GB,16MP,64MP + 2MP,MediaTek Dimensity 8100,"5,100mAh",6.7 inches,250.0,2024
Realme,P1 Speed 5G 256GB,12GB,16MP,64MP + 2MP,MediaTek Dimensity 8100,"5,100mAh",6.7 inches,270.0,2024
Realme,P2 Pro 5G 256GB,12GB,32MP,50MP + 8MP + 50MP,Qualcomm Snapdragon 7+ Gen 3,"5,500mAh",6.78 inches,340.0,2024
Realme,P2 Pro 5G 512GB,16GB,32MP,50MP + 8MP + 50MP,Qualcomm Snapdragon 7+ Gen 3,"5,500mAh",6.78 inches,360.0,2024
Realme,P1 5G 128GB,6GB,16MP,50MP + 2MP,MediaTek Dimensity 6100+,"5,000mAh",6.6 inches,200.0,2024
Realme,P1 5G 256GB,8GB,16MP,50MP + 2MP,MediaTek Dimensity 6100+,"5,000mAh",6.6 inches,220.0,2024
Realme,P1 Pro 5G 128GB,8GB,16MP,64MP + 2MP,Qualcomm Snapdragon 7s Gen 1,"5,200mAh",6.7 inches,270.0,2024
Realme,P1 Pro 5G 256GB,12GB,16MP,64MP + 2MP,Qualcomm Snapdragon 7s Gen 1,"5,200mAh",6.7 inches,290.0,2024
Realme,Narzo 70 Turbo 5G 128GB,8GB,16MP,50MP + 2MP,MediaTek Dimensity 810,"5,000mAh",6.6 inches,240.0,2024
Realme,Narzo 70 Turbo 5G 256GB,8GB,16MP,50MP + 2MP,MediaTek Dimensity 810,"5,000mAh",6.6 inches,260.0,2024
Realme,Narzo N61 128GB,6GB,16MP,50MP + 2MP,MediaTek Helio G99,"5,000mAh",6.5 inches,180.0,2024
Realme,Narzo N63 128GB,6GB,16MP,50MP + 2MP,MediaTek Helio G88,"5,000mAh",6.5 inches,160.0,2024
Realme,Narzo N65 5G 128GB,8GB,16MP,50MP + 2MP,MediaTek Dimensity 700,"5,000mAh",6.6 inches,210.0,2024
Realme,Narzo 70 5G 128GB,8GB,16MP,50MP + 2MP,MediaTek Dimensity 810,"5,200mAh",6.6 inches,230.0,2024
Realme,C75 128GB,6GB,8MP,50MP + 2MP,MediaTek Helio G85,"5,000mAh",6.6 inches,160.0,2024
Realme,C75 256GB,8GB,8MP,50MP + 2MP,MediaTek Helio G85,"5,000mAh",6.6 inches,180.0,2024
Realme,C61 128GB,4GB,8MP,50MP + 2MP,Unisoc T612,"5,000mAh",6.5 inches,130.0,2024
Realme,C67 128GB,6GB,8MP,50MP + 2MP,MediaTek Helio G88,"5,000mAh",6.6 inches,170.0,2024
Realme,C67 256GB,8GB,8MP,50MP + 2MP,MediaTek Helio G88,"5,000mAh",6.6 inches,190.0,2024
Realme,C65 128GB,6GB,8MP,50MP + 2MP,Qualcomm Snapdragon 680,"5,000mAh",6.6 inches,160.0,2024
Realme,C65 256GB,8GB,8MP,50MP + 2MP,Qualcomm Snapdragon 680,"5,000mAh",6.6 inches,180.0,2024
Realme,C63 128GB,6GB,8MP,50MP + 2MP,MediaTek Helio G85,"5,000mAh",6.6 inches,150.0,2024
Realme,C55 128GB,6GB,8MP,64MP + 2MP,MediaTek Helio G88,"5,000mAh",6.72 inches,170.0,2023
Realme,C55 256GB,8GB,8MP,64MP + 2MP,MediaTek Helio G88,"5,000mAh",6.72 inches,190.0,2023
Realme,Note 60x 128GB,6GB,16MP,50MP + 2MP,MediaTek Dimensity 6100+,"5,200mAh",6.6 inches,210.0,2024
Realme,Note 60 128GB,6GB,16MP,50MP + 2MP,MediaTek Dimensity 810,"5,200mAh",6.6 inches,220.0,2024
Realme,Note 60 256GB,8GB,16MP,50MP + 2MP,MediaTek Dimensity 810,"5,200mAh",6.6 inches,240.0,2024
Realme,Note 50 128GB,6GB,16MP,50MP + 2MP,MediaTek Helio G99,"5,000mAh",6.5 inches,170.0,2024
Realme,GT 7 128GB,8GB,16MP,50MP + 8MP + 2MP,Qualcomm Snapdragon 8 Gen 2,"5,200mAh",6.8 inches,440.0,2024
Realme,GT 7 256GB,12GB,16MP,50MP + 8MP + 2MP,Qualcomm Snapdragon 8 Gen 2,"5,200mAh",6.8 inches,500.0,2024
Realme,Neo 7 128GB,8GB,16MP,64MP + 8MP + 2MP,MediaTek Dimensity 8200,"5,000mAh",6.7 inches,330.0,2024
Realme,Neo 7 256GB,12GB,16MP,64MP + 8MP + 2MP,MediaTek Dimensity 8200,"5,000mAh",6.7 inches,380.0,2024
Realme,P2 Pro 5G 128GB,8GB,16MP,50MP + 8MP,MediaTek Dimensity 9200,"5,100mAh",6.7 inches,350.0,2024
Realme,P2 Pro 5G 256GB,12GB,16MP,50MP + 8MP,MediaTek Dimensity 9200,"5,100mAh",6.7 inches,400.0,2024
Realme,Pad 64GB,4GB,8MP,8MP,MediaTek Helio G80,"7,100mAh",10.4 inches,200.0,2021
Realme,Pad 128GB,6GB,8MP,8MP,MediaTek Helio G80,"7,100mAh",10.4 inches,230.0,2021
Realme,Pad 2 128GB,6GB,8MP,8MP,MediaTek Helio G99,"8,360mAh",11.5 inches,280.0,2023
Realme,Pad 2 256GB,8GB,8MP,8MP,MediaTek Helio G99,"8,360mAh",11.5 inches,320.0,2023
Realme,Pad 2 Lite 64GB,4GB,8MP,8MP,MediaTek Helio G85,"7,100mAh",10.4 inches,190.0,2023
Realme,Pad 2 Lite 128GB,6GB,8MP,8MP,MediaTek Helio G85,"7,100mAh",10.4 inches,210.0,2023
Realme,Pad X 64GB,4GB,8MP,13MP,Qualcomm Snapdragon 695,"8,340mAh",11 inches,310.0,2022
Realme,Pad X 128GB,6GB,8MP,13MP,Qualcomm Snapdragon 695,"8,340mAh",11 inches,350.0,2022
Realme,Pad Mini 32GB,3GB,5MP,8MP,Unisoc T616,"6,400mAh",8.7 inches,160.0,2022
Realme,Pad Mini 64GB,4GB,5MP,8MP,Unisoc T616,"6,400mAh",8.7 inches,180.0,2022
Realme,Pad Slim 64GB,4GB,8MP,8MP,MediaTek Helio G80,"7,100mAh",10.4 inches,200.0,2022
Realme,Pad Slim 128GB,6GB,8MP,8MP,MediaTek Helio G80,"7,100mAh",10.4 inches,220.0,2022
Realme,TechLife Pad Neo 64GB,4GB,8MP,8MP,MediaTek Helio G85,"7,200mAh",10.5 inches,210.0,2024
Realme,TechLife Pad Neo 128GB,6GB,8MP,8MP,MediaTek Helio G85,"7,200mAh",10.5 inches,230.0,2024
Xiaomi,Xiaomi 15 Pro 256GB,12GB,32MP,50MP (Main) + 50MP (Ultra-wide) + 50MP (Telephoto),Snapdragon 8 Elite,"6,100mAh",6.73 inches,799.0,2024
Xiaomi,Xiaomi 15 Pro 512GB,16GB,32MP,50MP (Main) + 50MP (Ultra-wide) + 50MP (Telephoto),Snapdragon 8 Elite,"6,100mAh",6.73 inches,899.0,2024
Xiaomi,Xiaomi 15 Pro 1TB,16GB,32MP,50MP (Main) + 50MP (Ultra-wide) + 50MP (Telephoto),Snapdragon 8 Elite,"6,100mAh",6.73 inches,999.0,2024
Xiaomi,Xiaomi 15 256GB,12GB,32MP,50MP (Main) + 50MP (Ultra-wide),Snapdragon 8 Elite,"5,400mAh",6.36 inches,699.0,2024
Xiaomi,Xiaomi 15 512GB,16GB,32MP,50MP (Main) + 50MP (Ultra-wide),Snapdragon 8 Elite,"5,400mAh",6.36 inches,799.0,2024
Xiaomi,Xiaomi 14T Pro 256GB,12GB,32MP,50MP (Main) + 50MP (Ultra-wide) + 50MP (Telephoto),Dimensity 9300+,"5,000mAh",6.67 inches,634.99,2024
Xiaomi,Xiaomi 14T Pro 512GB,12GB,32MP,50MP (Main) + 50MP (Ultra-wide) + 50MP (Telephoto),Dimensity 9300+,"5,000mAh",6.67 inches,790.77,2024
Xiaomi,Xiaomi 14T Pro 1TB,12GB,32MP,50MP (Main) + 50MP (Ultra-wide) + 50MP (Telephoto),Dimensity 9300+,"5,000mAh",6.67 inches,899.0,2024
Xiaomi,Xiaomi 14T 256GB,12GB,32MP,50MP (Main) + 50MP (Ultra-wide),Dimensity 8300-Ultra,"5,000mAh",6.67 inches,599.0,2024
Xiaomi,Xiaomi 14T 512GB,12GB,32MP,50MP (Main) + 50MP (Ultra-wide),Dimensity 8300-Ultra,"5,000mAh",6.67 inches,699.0,2024
Xiaomi,Xiaomi 14 Pro 256GB,12GB,32MP,50MP (Main) + 50MP (Ultra-wide) + 50MP (Telephoto),Snapdragon 8 Gen 3,"5,000mAh",6.73 inches,799.0,2023
Xiaomi,Xiaomi 14 Pro 512GB,12GB,32MP,50MP (Main) + 50MP (Ultra-wide) + 50MP (Telephoto),Snapdragon 8 Gen 3,"5,000mAh",6.73 inches,899.0,2023
Xiaomi,Xiaomi 14 256GB,12GB,32MP,50MP (Main) + 50MP (Ultra-wide),Snapdragon 8 Gen 3,"4,610mAh",6.36 inches,699.0,2023
Xiaomi,Xiaomi 14 512GB,12GB,32MP,50MP (Main) + 50MP (Ultra-wide),Snapdragon 8 Gen 3,"4,610mAh",6.36 inches,799.0,2023
Xiaomi,Redmi Note 14 Pro+ 5G 128GB,8GB,16MP,200MP (Main) + 8MP (Ultra-wide) + 2MP (Macro),Snapdragon 7s Gen 3,"5,110mAh",6.67 inches,374.9,2024
Xiaomi,Redmi Note 14 Pro+ 5G 256GB,12GB,16MP,200MP (Main) + 8MP (Ultra-wide) + 2MP (Macro),Snapdragon 7s Gen 3,"5,110mAh",6.67 inches,399.0,2024
Xiaomi,Redmi Note 14 Pro+ 5G 512GB,16GB,16MP,200MP (Main) + 8MP (Ultra-wide) + 2MP (Macro),Snapdragon 7s Gen 3,"5,110mAh",6.67 inches,429.0,2024
Xiaomi,Redmi Note 14 Pro 5G 128GB,8GB,16MP,108MP (Main) + 8MP (Ultra-wide) + 2MP (Macro),MediaTek Dimensity 7300-Ultra,"5,500mAh",6.67 inches,349.0,2024
Xiaomi,Redmi Note 14 Pro 5G 256GB,12GB,16MP,108MP (Main) + 8MP (Ultra-wide) + 2MP (Macro),MediaTek Dimensity 7300-Ultra,"5,500mAh",6.67 inches,379.0,2024
Xiaomi,Redmi Note 14 Pro 4G 128GB,6GB,16MP,108MP (Main) + 8MP (Ultra-wide) + 2MP (Macro),Qualcomm Snapdragon 732G,"5,000mAh",6.67 inches,299.0,2024
Xiaomi,Redmi Note 14 Pro 4G 256GB,8GB,16MP,108MP (Main) + 8MP (Ultra-wide) + 2MP (Macro),Qualcomm Snapdragon 732G,"5,000mAh",6.67 inches,329.0,2024
Xiaomi,Redmi Note 14 5G 128GB,6GB,16MP,50MP (Main) + 8MP (Ultra-wide) + 2MP (Macro),MediaTek Dimensity 7025-Ultra,"5,000mAh",6.67 inches,279.0,2024
Xiaomi,Redmi Note 14 5G 256GB,8GB,16MP,50MP (Main) + 8MP (Ultra-wide) + 2MP (Macro),MediaTek Dimensity 7025-Ultra,"5,000mAh",6.67 inches,309.0,2024
Xiaomi,Redmi Note 14 4G 128GB,4GB,16MP,50MP (Main) + 8MP (Ultra-wide) + 2MP (Macro),Qualcomm Snapdragon 680,"5,000mAh",6.67 inches,249.0,2024
Xiaomi,Redmi Note 14 4G 256GB,6GB,16MP,50MP (Main) + 8MP (Ultra-wide) + 2MP (Macro),Qualcomm Snapdragon 680,"5,000mAh",6.67 inches,279.0,2024
Xiaomi,Redmi 14C 5G 64GB,4GB,8MP,50MP (Main) + 2MP (Depth),MediaTek Dimensity 700,"5,000mAh",6.5 inches,199.0,2024
Xiaomi,Redmi 14C 5G 128GB,6GB,8MP,50MP (Main) + 2MP (Depth),MediaTek Dimensity 700,"5,000mAh",6.5 inches,229.0,2024
Lenovo,Legion Y70 128GB,8GB,16MP,50MP,Snapdragon 8+ Gen 1,"5,100mAh",6.67 inches,499.0,2022
Lenovo,Legion Y70 256GB,12GB,16MP,50MP,Snapdragon 8+ Gen 1,"5,100mAh",6.67 inches,549.0,2022
Lenovo,Legion Y70 512GB,16GB,16MP,50MP,Snapdragon 8+ Gen 1,"5,100mAh",6.67 inches,599.0,2022
Lenovo,K14 Plus 64GB,4GB,8MP,48MP,Unisoc T700,"5,000mAh",6.5 inches,199.0,2022
Lenovo,K14 Plus 128GB,6GB,8MP,48MP,Unisoc T700,"5,000mAh",6.5 inches,229.0,2022
Lenovo,K13 Pro 128GB,6GB,16MP,64MP,Snapdragon 662,"5,000mAh",6.8 inches,249.0,2021
Lenovo,K13 32GB,2GB,5MP,13MP,Unisoc SC9863A,"5,000mAh",6.52 inches,149.0,2021
Lenovo,K13 Note 64GB,4GB,8MP,48MP,Snapdragon 460,"5,000mAh",6.5 inches,199.0,2021
Lenovo,K10 Plus 64GB,4GB,16MP,13MP,Snapdragon 632,"4,050mAh",6.22 inches,179.0,2019
Lenovo,A6 Note 32GB,3GB,5MP,13MP,Helio P22,"4,000mAh",6.09 inches,149.0,2019
Lenovo,K10 Note 64GB,4GB,16MP,16MP,Snapdragon 710,"4,050mAh",6.3 inches,219.0,2019
Lenovo,K10 Note 128GB,6GB,16MP,16MP,Snapdragon 710,"4,050mAh",6.3 inches,249.0,2019
Lenovo,Z6 Pro 128GB,6GB,32MP,48MP,Snapdragon 855,"4,000mAh",6.39 inches,429.0,2019
Lenovo,Z6 Pro 256GB,8GB,32MP,48MP,Snapdragon 855,"4,000mAh",6.39 inches,479.0,2019
Lenovo,Z5 Pro 64GB,6GB,16MP,16MP,Snapdragon 710,"3,350mAh",6.39 inches,299.0,2018
Motorola,Edge 50 Fusion 128GB,8GB,32MP,50MP,Snapdragon 7 Gen 1,"5,000mAh",6.7 inches,499.0,2024
Motorola,Edge 50 Fusion 256GB,12GB,32MP,50MP,Snapdragon 7 Gen 1,"5,000mAh",6.7 inches,549.0,2024
Motorola,Edge 50 Pro 128GB,8GB,50MP,50MP,Snapdragon 7 Gen 3,"4,500mAh",6.7 inches,549.0,2024
Motorola,Edge 50 Pro 256GB,12GB,50MP,50MP,Snapdragon 7 Gen 3,"4,500mAh",6.7 inches,599.0,2024
Motorola,Razr 128GB,8GB,32MP,50MP,Snapdragon 8+ Gen 1,"3,500mAh","6.7 inches (main), 2.7 inches (external)",999.0,2023
Motorola,Razr 256GB,12GB,32MP,50MP,Snapdragon 8+ Gen 1,"3,500mAh","6.7 inches (main), 2.7 inches (external)",1099.0,2023
Motorola,G84 5G 128GB,8GB,16MP,50MP,Snapdragon 695,"5,000mAh",6.5 inches,299.0,2023
Motorola,G84 5G 256GB,12GB,16MP,50MP,Snapdragon 695,"5,000mAh",6.5 inches,349.0,2023
Motorola,Moto G Stylus 64GB,4GB,16MP,50MP,MediaTek Helio G88,"5,000mAh",6.8 inches,199.0,2023
Motorola,Moto G Stylus 128GB,6GB,16MP,50MP,MediaTek Helio G88,"5,000mAh",6.8 inches,249.0,2023
Motorola,One Vision 3 128GB,6GB,25MP,48MP,Exynos 9609,"3,500mAh",6.3 inches,299.0,2024
Motorola,One Vision 3 256GB,8GB,25MP,48MP,Exynos 9609,"3,500mAh",6.3 inches,349.0,2024
Motorola,Edge 50 Lite 128GB,6GB,32MP,64MP,Snapdragon 695,"5,000mAh",6.7 inches,399.0,2024
Motorola,Edge 50 Lite 256GB,8GB,32MP,64MP,Snapdragon 695,"5,000mAh",6.7 inches,449.0,2024
Motorola,Moto E40 Plus 64GB,4GB,8MP,48MP,Unisoc T700,"5,000mAh",6.5 inches,199.0,2023
Motorola,Moto E40 Plus 128GB,6GB,8MP,48MP,Unisoc T700,"5,000mAh",6.5 inches,229.0,2023
Motorola,Moto G Power 64GB,4GB,16MP,50MP,Snapdragon 662,"5,000mAh",6.6 inches,249.0,2022
Motorola,Moto G Power 128GB,6GB,16MP,50MP,Snapdragon 662,"5,000mAh",6.6 inches,279.0,2022
Motorola,Moto G Play 32GB,3GB,5MP,13MP,MediaTek Helio G25,"5,000mAh",6.5 inches,149.0,2022
Motorola,Moto G Play 64GB,4GB,5MP,13MP,MediaTek Helio G25,"5,000mAh",6.5 inches,179.0,2022
Motorola,Moto G75 5G 128GB,8GB,16MP,50MP,Snapdragon 6 Gen 3,"5,000mAh",6.78 inches,320.0,2024
Motorola,Moto G75 5G 256GB,8GB,16MP,50MP,Snapdragon 6 Gen 3,"5,000mAh",6.78 inches,370.0,2024
Motorola,Moto S50 128GB,8GB,32MP,64MP,MediaTek Dimensity 8100,"4,500mAh",6.7 inches,300.0,2024
Motorola,Moto S50 256GB,12GB,32MP,64MP,MediaTek Dimensity 8100,"4,500mAh",6.7 inches,350.0,2024
Motorola,Edge 50 Neo 256GB,8GB,32MP,50MP,MediaTek Dimensity 7300,"4,310mAh",6.4 inches,400.0,2024
Motorola,Edge 50 Neo 512GB,12GB,32MP,50MP,MediaTek Dimensity 7300,"4,310mAh",6.4 inches,450.0,2024
Motorola,Moto G55 128GB,8GB,16MP,50MP,MediaTek Dimensity 7025,"5,000mAh",6.49 inches,270.0,2024
Motorola,Moto G55 256GB,8GB,16MP,50MP,MediaTek Dimensity 7025,"5,000mAh",6.49 inches,320.0,2024
Motorola,Moto G35 128GB,4GB,16MP,50MP,Unisoc T760,"5,000mAh",6.72 inches,200.0,2024
Motorola,Moto G35 256GB,8GB,16MP,50MP,Unisoc T760,"5,000mAh",6.72 inches,250.0,2024
Motorola,Moto G45 128GB,6GB,16MP,50MP,Snapdragon 6s Gen 3,"5,000mAh",6.5 inches,250.0,2024
Motorola,Moto G45 256GB,8GB,16MP,50MP,Snapdragon 6s Gen 3,"5,000mAh",6.5 inches,300.0,2024
Motorola,Edge 50 256GB,8GB,32MP,50MP,Snapdragon 7s Gen 2,"4,700mAh",6.7 inches,450.0,2024
Motorola,Edge 50 512GB,12GB,32MP,50MP,Snapdragon 7s Gen 2,"4,700mAh",6.7 inches,500.0,2024
Motorola,Razr 50 Ultra 512GB,12GB,32MP,50MP,Snapdragon 8+ Gen 1,"4,000mAh","6.9 inches (internal), 4.0 inches (external)",1199.0,2024
Motorola,Razr 50 256GB,8GB,32MP,50MP,Snapdragon 7 Gen 1,"3,800mAh","6.7 inches (internal), 3.6 inches (external)",999.0,2024
Motorola,Moto G85 128GB,8GB,32MP,50MP,Snapdragon 6s Gen 3,"5,000mAh",6.67 inches,320.0,2024
Motorola,Moto G85 256GB,12GB,32MP,50MP,Snapdragon 6s Gen 3,"5,000mAh",6.67 inches,370.0,2024
Motorola,S50 Neo 256GB,8GB,32MP,50MP,MediaTek Dimensity 7200,"4,300mAh",6.5 inches,300.0,2024
Motorola,S50 Neo 512GB,12GB,32MP,50MP,MediaTek Dimensity 7200,"4,300mAh",6.5 inches,350.0,2024
Motorola,Moto E14 64GB,4GB,8MP,13MP,Unisoc T606,"5,000mAh",6.5 inches,150.0,2024
Motorola,Moto E14 128GB,4GB,8MP,13MP,Unisoc T606,"5,000mAh",6.5 inches,180.0,2024
Motorola,Edge 256GB,8GB,32MP,50MP,Snapdragon 7s Gen 2,"4,700mAh",6.7 inches,450.0,2024
Motorola,Edge 512GB,12GB,32MP,50MP,Snapdragon 7s Gen 2,"4,700mAh",6.7 inches,500.0,2024
Motorola,Moto X50 Ultra 512GB,12GB,60MP,200MP,Snapdragon 8 Gen 3,"5,000mAh",6.9 inches,1499.0,2024
Motorola,Moto G Stylus 5G 256GB,6GB,16MP,50MP,Snapdragon 6 Gen 1,"5,000mAh",6.8 inches,300.0,2024
Motorola,Moto G Stylus 5G 512GB,8GB,16MP,50MP,Snapdragon 6 Gen 1,"5,000mAh",6.8 inches,350.0,2024
Motorola,Edge 50 Ultra 512GB,12GB,60MP,200MP,Snapdragon 8 Gen 3,"5,000mAh",6.9 inches,1499.0,2024
Motorola,Edge 30 Fusion 128GB,8GB,32MP,50MP,Snapdragon 888+ 5G,"4,400mAh",6.55 inches,699.0,2022
Motorola,Edge 30 Fusion 256GB,12GB,32MP,50MP,Snapdragon 888+ 5G,"4,400mAh",6.55 inches,749.0,2022
Motorola,Edge 30 Neo 128GB,6GB,32MP,64MP,Snapdragon 695 5G,"4,020mAh",6.28 inches,499.0,2022
Motorola,Edge 30 Neo 256GB,8GB,32MP,64MP,Snapdragon 695 5G,"4,020mAh",6.28 inches,549.0,2022
Motorola,Moto G82 5G 128GB,6GB,16MP,50MP,Snapdragon 695 5G,"5,000mAh",6.6 inches,399.0,2022
Motorola,Moto G82 5G 256GB,8GB,16MP,50MP,Snapdragon 695 5G,"5,000mAh",6.6 inches,449.0,2022
Motorola,Moto G62 5G 128GB,4GB,16MP,50MP,Snapdragon 480+ 5G,"5,000mAh",6.5 inches,349.0,2022
Motorola,Moto G62 5G 256GB,6GB,16MP,50MP,Snapdragon 480+ 5G,"5,000mAh",6.5 inches,399.0,2022
Motorola,Moto G42 128GB,4GB,16MP,50MP,Snapdragon 680 4G,"5,000mAh",6.4 inches,299.0,2022
Motorola,Moto G32 128GB,4GB,16MP,50MP,Snapdragon 680 4G,"5,000mAh",6.5 inches,279.0,2022
Motorola,Moto E32s 64GB,3GB,8MP,16MP,MediaTek Helio G37,"5,000mAh",6.5 inches,199.0,2022
Motorola,Moto E22i 32GB,2GB,5MP,16MP,MediaTek Helio G37,"4,020mAh",6.5 inches,179.0,2022
Motorola,Moto E22 64GB,4GB,5MP,16MP,MediaTek Helio G37,"4,020mAh",6.5 inches,199.0,2022
Motorola,Moto G22 64GB,4GB,16MP,50MP,MediaTek Helio G37,"5,000mAh",6.5 inches,249.0,2022
Huawei,P50,8GB,13MP,50MP,Snapdragon 888 4G,"4,100mAh",6.5 inches,699.0,2021
Huawei,P50 Pro,8GB,13MP,50MP,Snapdragon 888 4G,"4,360mAh",6.6 inches,899.0,2021
Huawei,P50 Pocket,8GB,10.7MP,40MP,Snapdragon 888 4G,"4,000mAh",6.9 inches (unfolded),1299.0,2021
Huawei,Mate 40E,8GB,13MP,64MP,Kirin 990E 5G,"4,200mAh",6.5 inches,799.0,2021
Huawei,Mate X2,8GB,16MP,50MP,Kirin 9000 5G,"4,500mAh",8.0 inches (unfolded),2699.0,2021
Huawei,Nova 9,8GB,32MP,50MP,Snapdragon 778G 4G,"4,300mAh",6.57 inches,499.0,2021
Huawei,Nova 9 Pro,8GB,Dual 32MP,50MP,Snapdragon 778G 4G,"4,000mAh",6.72 inches,599.0,2021
Huawei,P50E,8GB,13MP,50MP,Snapdragon 778G 4G,"4,100mAh",6.5 inches,649.0,2022
Huawei,Mate Xs 2,8GB,10.7MP,50MP,Snapdragon 888 4G,"4,600mAh",7.8 inches (unfolded),2499.0,2022
Huawei,Mate 50,8GB,13MP,50MP,Snapdragon 8+ Gen 1 4G,"4,460mAh",6.7 inches,999.0,2022
Huawei,Mate 50 Pro,8GB,13MP,50MP,Snapdragon 8+ Gen 1 4G,"4,700mAh",6.74 inches,1199.0,2022
Huawei,Nova 10,8GB,60MP,50MP,Snapdragon 778G 4G,"4,000mAh",6.67 inches,499.0,2022
Huawei,Nova 10 Pro,8GB,Dual 60MP,50MP,Snapdragon 778G 4G,"4,500mAh",6.78 inches,599.0,2022
Huawei,Nova 10 SE,8GB,16MP,108MP,Snapdragon 680 4G,"4,500mAh",6.67 inches,399.0,2022
Huawei,P60,8GB,13MP,48MP (wide) + 13MP (ultrawide) + 48MP (telephoto),Snapdragon 8+ Gen 1 4G,"4,815mAh",6.67 inches,999.0,2023
Huawei,P60 Pro,8GB / 12GB,13MP,48MP (wide) + 13MP (ultrawide) + 48MP (telephoto),Snapdragon 8+ Gen 1 4G,"4,815mAh",6.67 inches,1099.0,2023
Huawei,P60 Art,8GB / 12GB,13MP,48MP (wide) + 40MP (ultrawide) + 48MP (telephoto),Snapdragon 8+ Gen 1 4G,"5,100mAh",6.73 inches,1299.0,2023
Huawei,Mate X3,12GB,8MP,50MP (wide) + 13MP (ultrawide) + 12MP (periscope telephoto),Snapdragon 8+ Gen 1 4G,"4,800mAh",7.85 inches (unfolded),2499.0,2023
Huawei,Mate 60,12GB,13MP,50MP (wide) + 12MP (ultrawide) + 12MP (telephoto),Kirin 9000S,"4,750mAh",6.7 inches,1099.0,2023
Huawei,Mate 60 Pro,12GB,13MP,50MP (wide) + 40MP (ultrawide) + 48MP (telephoto),Kirin 9000S,"5,000mAh",6.82 inches,1299.0,2023
Huawei,Mate 60 Pro+,12GB,13MP,50MP (wide) + 48MP (ultrawide) + 48MP (telephoto),Kirin 9000S,"5,200mAh",6.82 inches,1499.0,2023
Huawei,Nova 11,8GB,60MP,50MP (wide) + 8MP (ultrawide),Snapdragon 778G 4G,"4,500mAh",6.7 inches,499.0,2023
Huawei,Nova 11 Pro,8GB,60MP (ultrawide) + 8MP (telephoto),50MP (wide) + 8MP (ultrawide),Snapdragon 778G 4G,"4,500mAh",6.78 inches,599.0,2023
Huawei,Nova 11 Ultra,12GB,60MP (ultrawide) + 8MP (telephoto),50MP (wide) + 8MP (ultrawide),Snapdragon 778G 4G,"4,500mAh",6.78 inches,699.0,2023
Huawei,Pura 70,12GB,13MP,50MP + 13MP + 12MP,Kirin 9010,"4,900mAh",6.8 inches,999.0,2024
Huawei,Pura 70 Pro,12GB,13MP,50MP + 12.5MP + 48MP,Kirin 9010,"5,050mAh",6.8 inches,1099.0,2024
Huawei,Pura 70 Pro+,12GB,13MP,50MP + 12.5MP + 48MP,Kirin 9010,"5,050mAh",6.8 inches,1199.0,2024
Huawei,Pura 70 Ultra,16GB,13MP,50MP + 40MP + 50MP,Kirin 9010,"5,200mAh",6.8 inches,1299.0,2024
Huawei,Mate 70,12GB,13MP,50MP + 12MP,Kirin 9010,"4,900mAh",6.7 inches,899.0,2024
Huawei,Mate 70 Pro,12GB,13MP,50MP + 12MP + 40MP,Kirin 9010,"5,000mAh",6.8 inches,999.0,2024
Huawei,Mate 70 Pro+,12GB,13MP,50MP + 12MP + 40MP,Kirin 9010,"5,000mAh",6.8 inches,1099.0,2024
Huawei,Mate X6,12GB,8MP,50MP + 13MP + 12MP,Kirin 9010,"4,800mAh",7.93 inches,2499.0,2024
Huawei,Nova 12,8GB,60MP,50MP + 8MP,Kirin 9000S,"4,500mAh",6.7 inches,499.0,2024
Huawei,Nova 12 Pro,8GB,60MP + 8MP,50MP + 8MP,Kirin 9000S,"4,500mAh",6.78 inches,599.0,2024
Huawei,Mate XT 256GB,12GB,13MP,50MP + 12MP + 48MP,Kirin 9010,"5,000mAh",7.92 inches,2599.0,2024
Huawei,Mate XT 512GB,12GB,13MP,50MP + 12MP + 48MP,Kirin 9010,"5,000mAh",7.92 inches,2799.0,2024
Huawei,Nova 13 256GB,8GB,50MP,50MP + 8MP,Kirin 9000S,"4,600mAh",6.7 inches,529.0,2024
Huawei,Nova 13 512GB,8GB,50MP,50MP + 8MP,Kirin 9000S,"4,600mAh",6.7 inches,599.0,2024
Huawei,Nova 13 Pro 256GB,8GB,60MP + 8MP,50MP + 8MP,Kirin 9000S,"4,600mAh",6.78 inches,649.0,2024
Huawei,Nova 13 Pro 512GB,8GB,60MP + 8MP,50MP + 8MP,Kirin 9000S,"4,600mAh",6.78 inches,729.0,2024
Nokia,G42 5G 128GB,4GB,8MP,50MP,Snapdragon 480+,"5,000mAh",6.56 inches,229.0,2023
Nokia,G20 64GB,4GB,8MP,48MP,MediaTek G35,"5,050mAh",6.52 inches,169.0,2021
Nokia,G20 128GB,4GB,8MP,48MP,MediaTek G35,"5,050mAh",6.52 inches,189.0,2021
Nokia,C32 64GB,3GB,8MP,50MP,Unisoc SC9863A,"5,000mAh",6.52 inches,139.0,2023
Nokia,C32 128GB,4GB,8MP,50MP,Unisoc SC9863A,"5,000mAh",6.52 inches,159.0,2023
Nokia,G21 64GB,4GB,8MP,50MP,Unisoc T606,"5,050mAh",6.5 inches,169.0,2022
Nokia,G21 128GB,6GB,8MP,50MP,Unisoc T606,"5,050mAh",6.5 inches,189.0,2022
Nokia,C22 64GB,2GB,8MP,13MP,Unisoc SC9863A,"5,000mAh",6.5 inches,119.0,2023
Nokia,C22 128GB,3GB,8MP,13MP,Unisoc SC9863A,"5,000mAh",6.5 inches,139.0,2023
Nokia,G400 128GB,6GB,16MP,48MP,Snapdragon 480,"5,000mAh",6.58 inches,239.0,2022
Sony,Xperia 1 IV 256GB,12GB,12MP,12MP,Snapdragon 8 Gen 1,"5,000mAh",6.5 inches,1599.0,2022
Sony,Xperia 5 IV 128GB,8GB,12MP,12MP,Snapdragon 8 Gen 1,"5,000mAh",6.1 inches,999.0,2022
Sony,Xperia 10 IV 128GB,6GB,8MP,12MP,Snapdragon 695,"5,000mAh",6.0 inches,499.0,2022
Sony,Xperia 1 V 256GB,12GB,12MP,48MP,Snapdragon 8 Gen 2,"5,000mAh",6.5 inches,1699.0,2023
Sony,Xperia 5 V 128GB,8GB,12MP,48MP,Snapdragon 8 Gen 2,"5,000mAh",6.1 inches,1099.0,2023
Sony,Xperia 10 V 128GB,6GB,8MP,48MP,Snapdragon 695,"5,000mAh",6.1 inches,599.0,2023
Sony,Xperia 1 VI 256GB,12GB,12MP,48MP,Snapdragon 8 Gen 3,"5,000mAh",6.5 inches,1799.0,2024
Sony,Xperia 5 VI 128GB,8GB,12MP,48MP,Snapdragon 8 Gen 3,"5,000mAh",6.1 inches,1199.0,2024
Sony,Xperia 10 VI 128GB,6GB,8MP,48MP,Snapdragon 7 Gen 1,"5,000mAh",6.1 inches,699.0,2024
Nokia,T21,4GB,8MP,8MP,Unisoc T612,8200mAh,10.4 inches,39622.0,2022
Huawei,MatePad Pro 12.2 512GB,12GB,16MP,"13MP (f/1.8, AF)",Kirin 9000S,"10,100mAh",12.2 inches,999.0,2024
Huawei,MatePad Pro 13.2 512GB,12GB,16MP,"13MP (f/1.8, AF)",Kirin 9000S,"10,100mAh",13.2 inches,877.0,2024
Google,Pixel 3a 64GB,4GB,8MP,12.2MP,Snapdragon 670,"3,000mAh",5.6 inches,399.0,2019
Google,Pixel 3a XL 64GB,4GB,8MP,12.2MP,Snapdragon 670,"3,700mAh",6.0 inches,479.0,2019
Google,Pixel 4 64GB,6GB,8MP,12.2MP,Snapdragon 855,"2,800mAh",5.7 inches,799.0,2019
Google,Pixel 4 XL 64GB,6GB,8MP,12.2MP,Snapdragon 855,"3,700mAh",6.3 inches,899.0,2019
Google,Pixel 4a 128GB,6GB,8MP,12.2MP,Snapdragon 730G,"3,140mAh",5.8 inches,349.0,2020
Google,Pixel 4a 5G 128GB,6GB,8MP,12.2MP,Snapdragon 765G,"3,885mAh",6.2 inches,499.0,2020
Google,Pixel 5 128GB,8GB,8MP,12.2MP,Snapdragon 765G,"4,080mAh",6.0 inches,699.0,2020
Google,Pixel 5a 128GB,6GB,8MP,12.2MP,Snapdragon 765G,"4,680mAh",6.34 inches,449.0,2021
Google,Pixel 6 128GB,8GB,8MP,50MP,Google Tensor,"4,614mAh",6.4 inches,699.0,2021
Google,Pixel 6 Pro 256GB,12GB,11.1MP,50MP,Google Tensor,"5,003mAh",6.71 inches,899.0,2021
Google,Pixel 6a 128GB,6GB,8MP,12.2MP,Google Tensor,"4,410mAh",6.1 inches,449.0,2022
Google,Pixel 7 128GB,8GB,10.8MP,50MP,Google Tensor G2,"4,355mAh",6.3 inches,599.0,2022
Google,Pixel 7 Pro 256GB,12GB,10.8MP,50MP,Google Tensor G2,"5,000mAh",6.7 inches,899.0,2022
Google,Pixel 7a 128GB,8GB,10.8MP,64MP,Google Tensor G2,"4,385mAh",6.1 inches,499.0,2023
Google,Pixel 8 128GB,8GB,10.5MP,50MP,Google Tensor G3,"4,575mAh",6.2 inches,699.0,2023
Google,Pixel 8 Pro 256GB,12GB,10.5MP,50MP,Google Tensor G3,"5,050mAh",6.7 inches,999.0,2023
Google,Pixel 8a 128GB,8GB,10.5MP,64MP,Google Tensor G3,"4,385mAh",6.1 inches,549.0,2024
Google,Pixel 9 128GB,8GB,10.8MP,50MP,Google Tensor G4,"4,600mAh",6.3 inches,799.0,2024
Google,Pixel 9 Pro 256GB,12GB,10.8MP,50MP,Google Tensor G4,"5,050mAh",6.7 inches,1099.0,2024
Google,Pixel 9 Pro XL 512GB,16GB,10.8MP,50MP,Google Tensor G4,"5,250mAh",6.8 inches,1299.0,2024
Google,Pixel 9 Pro Fold 512GB,16GB,10.8MP,50MP,Google Tensor G4,"5,500mAh",7.6 inches,1799.0,2024
Tecno,Spark Go 1S 64GB,4GB,8MP,13MP,MediaTek Helio A22,"5,000mAh",6.6 inches,129.0,2024
Tecno,Megapad 11 256GB,8GB,13MP,50MP,MediaTek G99,"8,000mAh",11 inches,349.0,2024
Tecno,Pop 9 4G 64GB,3GB,5MP,8MP,Unisoc SC9863A,"5,000mAh",6.52 inches,99.0,2024
Tecno,Megapad 128GB,6GB,12MP,50MP,MediaTek Helio G80,"7,500mAh",10.9 inches,299.0,2024
Tecno,Camon 30S 256GB,8GB,32MP,50MP,MediaTek Dimensity 810,"5,200mAh",6.8 inches,499.0,2024
Tecno,Spark 30C 5G 128GB,6GB,16MP,50MP,MediaTek Dimensity 6100+,"5,000mAh",6.6 inches,199.0,2024
Tecno,Spark 30 5G 128GB,6GB,16MP,50MP,MediaTek Dimensity 6020,"5,000mAh",6.6 inches,229.0,2024
Tecno,Pop 9 64GB,3GB,5MP,8MP,Unisoc SC9832E,"5,000mAh",6.52 inches,89.0,2024
Tecno,Spark 30 Pro 256GB,8GB,32MP,50MP,MediaTek Helio G99,"5,200mAh",6.8 inches,269.0,2024
Tecno,Spark 30 128GB,4GB,16MP,50MP,MediaTek Helio G85,"5,000mAh",6.6 inches,179.0,2024
Tecno,Phantom V Fold2 512GB,12GB,32MP,64MP,MediaTek Dimensity 9200+,"5,500mAh",7.85 inches,1799.0,2024
Tecno,Phantom V Flip2 256GB,8GB,32MP,50MP,MediaTek Dimensity 8050,"4,300mAh",6.9 inches,999.0,2024
Tecno,Pova 6 Neo 5G 256GB,8GB,16MP,50MP,MediaTek Dimensity 810,"6,000mAh",6.8 inches,349.0,2024
Tecno,Spark 30C 128GB,4GB,16MP,50MP,MediaTek Helio G85,"5,000mAh",6.6 inches,149.0,2024
Tecno,Spark Go 1 64GB,3GB,5MP,8MP,Unisoc SC9863A,"5,000mAh",6.52 inches,99.0,2024
Tecno,Camon 30S Pro 512GB,12GB,50MP,108MP,MediaTek Dimensity 9200,"5,200mAh",6.9 inches,1099.0,2024
Tecno,Spark 20P 128GB,4GB,16MP,50MP,MediaTek Helio G85,"5,000mAh",6.6 inches,179.0,2024
Tecno,Spark 20 Pro 5G 256GB,8GB,32MP,50MP,MediaTek Dimensity 810,"5,200mAh",6.8 inches,329.0,2024
Tecno,Pova 6 Neo 256GB,8GB,16MP,50MP,MediaTek Helio G99,"6,000mAh",6.8 inches,299.0,2024
Tecno,Camon 30 Premier 512GB,12GB,50MP,108MP,MediaTek Dimensity 9200,"5,200mAh",6.9 inches,1199.0,2024
Tecno,Camon 30 Pro 512GB,12GB,50MP,64MP,MediaTek Dimensity 8200,"5,200mAh",6.8 inches,899.0,2024
Tecno,Camon 30 5G 256GB,8GB,32MP,50MP,MediaTek Dimensity 810,"5,000mAh",6.7 inches,499.0,2024
Tecno,Camon 30 128GB,6GB,32MP,50MP,MediaTek Helio G99,"5,000mAh",6.7 inches,349.0,2024
Tecno,Pova 6 Pro 512GB,12GB,32MP,64MP,MediaTek Dimensity 8100,"6,000mAh",6.9 inches,1099.0,2024
Tecno,Spark 20 Pro+ 256GB,8GB,32MP,50MP,MediaTek Helio G99,"5,200mAh",6.8 inches,269.0,2024
Tecno,Spark 20 Pro 128GB,6GB,16MP,50MP,MediaTek Helio G85,"5,000mAh",6.6 inches,199.0,2024
Tecno,Spark 20 128GB,4GB,16MP,50MP,MediaTek Helio G85,"5,000mAh",6.6 inches,179.0,2024
Tecno,Spark 20C 128GB,4GB,16MP,50MP,MediaTek Helio G85,"5,000mAh",6.6 inches,149.0,2024
Tecno,Spark Go 2024 64GB,3GB,5MP,8MP,Unisoc SC9863A,"5,000mAh",6.52 inches,99.0,2024
Tecno,Pop 8 64GB,3GB,5MP,8MP,Unisoc SC9832E,"5,000mAh",6.52 inches,89.0,2024
Tecno,Camon 20s Pro 5G 512GB,12GB,50MP,108MP,MediaTek Dimensity 9200,"5,200mAh",6.9 inches,1099.0,2024
Tecno,Camon 20s Pro 256GB,12GB,50MP,108MP,MediaTek Dimensity 810,"5,200mAh",6.9 inches,899.0,2024
Tecno,Camon 20s 256GB,8GB,32MP,50MP,MediaTek Helio G99,"5,000mAh",6.7 inches,449.0,2024
Tecno,Camon 20 Premier 512GB,12GB,50MP,108MP,MediaTek Dimensity 8200,"5,200mAh",6.8 inches,1049.0,2024
Tecno,Camon 20 Pro 5G 256GB,8GB,32MP,50MP,MediaTek Dimensity 810,"5,000mAh",6.7 inches,499.0,2024
Tecno,Camon 20 Pro 128GB,6GB,32MP,50MP,MediaTek Helio G99,"5,000mAh",6.7 inches,349.0,2024
Tecno,Camon 20 128GB,6GB,32MP,50MP,MediaTek Helio G99,"5,000mAh",6.7 inches,349.0,2024
Tecno,Pova 5G 512GB,8GB,32MP,50MP,MediaTek Dimensity 900,"6,000mAh",6.9 inches,699.0,2024
Tecno,Pova 5 256GB,8GB,16MP,50MP,MediaTek Helio G99,"6,000mAh",6.8 inches,329.0,2024
Infinix,Xpad,6GB,8MP,13MP,MediaTek Helio G99,"7,000mAh",10.1 inches,299.0,2024
Infinix,Xpad 5G,8GB,16MP,50MP,MediaTek Dimensity 810,"8,000mAh",10.4 inches,399.0,2024
Infinix,Xpad Lite,4GB,5MP,8MP,Unisoc T606,"6,000mAh",9.7 inches,219.0,2024
Infinix,Xpad Pro,12GB,32MP,50MP,MediaTek Dimensity 9200,"9,000mAh",11.0 inches,549.0,2024
Infinix,Hot 50,6GB,8MP,50MP,MediaTek Helio G85,"5,000mAh",6.78 inches,219.0,2024
Infinix,Hot 50i,4GB,8MP,50MP,Unisoc T606,"5,000mAh",6.6 inches,179.0,2024
Infinix,Hot 50 5G,8GB,16MP,50MP,MediaTek Dimensity 810,"5,200mAh",6.78 inches,289.0,2024
Infinix,Hot 50 Pro,8GB,16MP,50MP,MediaTek Helio G99,"5,000mAh",6.8 inches,269.0,2024
Infinix,Hot 50 Pro+,12GB,32MP,108MP,MediaTek Dimensity 9200,"5,300mAh",6.9 inches,379.0,2024
Infinix,GT 20 Pro,12GB,32MP,108MP,MediaTek Dimensity 8200,"5,500mAh",6.9 inches,449.0,2024
Infinix,Note 40X 5G,8GB,32MP,108MP,MediaTek Dimensity 7200,"5,200mAh",6.8 inches,349.0,2024
Infinix,Note 40S,8GB,32MP,50MP,MediaTek Helio G99,"5,000mAh",6.78 inches,279.0,2024
Infinix,Note 40 5G,8GB,32MP,108MP,MediaTek Dimensity 8100,"5,200mAh",6.8 inches,319.0,2024
Infinix,Note 40 Pro 5G,12GB,32MP,108MP,MediaTek Dimensity 9000,"5,300mAh",6.8 inches,399.0,2024
Infinix,Note 40 Racing Edition,12GB,32MP,108MP,MediaTek Dimensity 9200,"5,500mAh",6.9 inches,449.0,2024
Infinix,Hot 40,8GB,32MP,50MP,MediaTek Helio G88,"5,000mAh",6.78 inches,199.0,2023
Infinix,Hot 40i,4GB,8MP,13MP,Unisoc T606,"5,000mAh",6.6 inches,159.0,2023
Infinix,Hot 40 Pro,8GB,32MP,108MP,MediaTek Helio G99,"5,000mAh",6.78 inches,229.0,2023
Infinix,Zero 40,12GB,50MP,108MP,MediaTek Dimensity 8200,"5,000mAh",6.78 inches,349.0,2024
Infinix,Zero 40 5G,12GB,50MP,108MP,MediaTek Dimensity 8200,"5,000mAh",6.78 inches,379.0,2024
Infinix,Zero Flip,8GB,32MP,108MP,Qualcomm Snapdragon 778G,"4,500mAh",6.7 inches,399.0,2024
Infinix,Note 40,8GB,32MP,108MP,MediaTek Helio G99,"5,000mAh",6.78 inches,279.0,2024
Infinix,Note 40 Pro,12GB,32MP,108MP,MediaTek Dimensity 8100,"5,000mAh",6.78 inches,329.0,2024
Infinix,Hot 30 128GB,8GB,8MP,50MP,MediaTek Helio G88,"5,000mAh",6.78 inches,199.0,2023
Infinix,Hot 30i 128GB,4GB,8MP,13MP,Unisoc T606,"5,000mAh",6.6 inches,159.0,2023
Infinix,Hot 30i NFC 128GB,4GB,8MP,13MP,Unisoc T606,"5,000mAh",6.6 inches,159.0,2023
Infinix,Hot 30 Play 128GB,4GB,8MP,16MP,MediaTek Helio G37,"6,000mAh",6.82 inches,179.0,2023
Infinix,Hot 30 5G 128GB,8GB,8MP,50MP,MediaTek Dimensity 810,"5,000mAh",6.78 inches,239.0,2023
Infinix,Zero 30 256GB,8GB,50MP,108MP,MediaTek Dimensity 8020,"5,000mAh",6.78 inches,349.0,2023
Infinix,Zero 30 5G 256GB,12GB,50MP,108MP,MediaTek Dimensity 8020,"5,000mAh",6.78 inches,379.0,2023
Infinix,GT 10 Pro 256GB,8GB,32MP,108MP,MediaTek Dimensity 8050,"5,000mAh",6.67 inches,399.0,2023
Infinix,Hot 12 128GB,6GB,8MP,13MP,MediaTek Helio G85,"5,000mAh",6.82 inches,179.0,2022
Infinix,Hot 12 Play 128GB,4GB,8MP,13MP,Unisoc T610,"6,000mAh",6.82 inches,159.0,2022
Infinix,Hot 12 Pro 128GB,8GB,8MP,50MP,Unisoc T616,"5,000mAh",6.6 inches,199.0,2022
Infinix,Hot 12i 64GB,4GB,8MP,13MP,MediaTek Helio A22,"5,000mAh",6.6 inches,139.0,2022
Infinix,Hot 20 128GB,6GB,8MP,50MP,MediaTek Helio G85,"5,000mAh",6.82 inches,199.0,2022
Infinix,Hot 20 Play 128GB,4GB,8MP,13MP,MediaTek Helio G37,"6,000mAh",6.82 inches,159.0,2022
Infinix,Hot 20s 128GB,8GB,8MP,50MP,MediaTek Helio G96,"5,000mAh",6.78 inches,219.0,2022
Infinix,Hot 20 5G 128GB,6GB,8MP,50MP,MediaTek Dimensity 810,"5,000mAh",6.6 inches,239.0,2022
Infinix,Hot 20i 64GB,4GB,8MP,13MP,MediaTek Helio G25,"5,000mAh",6.6 inches,139.0,2022
Infinix,Hot 10T 128GB,4GB,8MP,48MP,MediaTek Helio G70,"5,000mAh",6.82 inches,149.0,2021
Infinix,Hot 10S 128GB,6GB,8MP,48MP,MediaTek Helio G85,"6,000mAh",6.82 inches,169.0,2021
Infinix,Hot 10S NFC 128GB,6GB,8MP,48MP,MediaTek Helio G85,"6,000mAh",6.82 inches,179.0,2021
Infinix,Hot 10 Lite 64GB,3GB,8MP,13MP,MediaTek Helio A25,"5,000mAh",6.6 inches,109.0,2020
Infinix,Hot 10 Play 64GB,4GB,8MP,13MP,MediaTek Helio G25,"6,000mAh",6.82 inches,139.0,2021
Infinix,Hot 11 128GB,4GB,8MP,13MP,MediaTek Helio G70,"5,200mAh",6.6 inches,159.0,2021
Infinix,Hot 11 Play 128GB,4GB,8MP,13MP,MediaTek Helio G35,"6,000mAh",6.82 inches,169.0,2021
Infinix,Hot 11s 128GB,6GB,8MP,50MP,MediaTek Helio G88,"5,000mAh",6.78 inches,189.0,2021
Infinix,Smart HD 32GB,2GB,5MP,8MP,MediaTek Helio A20,"5,000mAh",6.1 inches,79.0,2020
Infinix,Note 8i 128GB,6GB,8MP,48MP,MediaTek Helio G80,"5,200mAh",6.78 inches,199.0,2020
Infinix,Hot 10 Lite 64GB,3GB,8MP,13MP,MediaTek Helio A25,"5,000mAh",6.6 inches,109.0,2020
Infinix,Note 8 128GB,6GB,16MP,64MP,MediaTek Helio G80,"5,200mAh",6.95 inches,229.0,2020
Infinix,Zero 8i 128GB,8GB,16MP,48MP,MediaTek Helio G90T,"4,500mAh",6.85 inches,249.0,2020
Infinix,Hot 10 128GB,4GB,8MP,16MP,MediaTek Helio G70,"5,200mAh",6.78 inches,159.0,2020
Infinix,Zero 8 128GB,8GB,48MP,64MP,MediaTek Helio G90T,"4,500mAh",6.85 inches,279.0,2020
Infinix,Smart 5 64GB,3GB,8MP,13MP,MediaTek Helio A20,"5,000mAh",6.6 inches,99.0,2020
Honor,9X Lite,4GB,8MP,48MP,Kirin 710F,"3,750mAh",6.5 inches,219.0,2020
Honor,30,8GB,32MP,40MP,Kirin 985 5G,"4,000mAh",6.53 inches,449.0,2020
Honor,30 Pro,8GB,32MP,50MP,Kirin 990 5G,"4,000mAh",6.57 inches,599.0,2020
Honor,30 Pro+,12GB,32MP,50MP,Kirin 990 5G,"4,000mAh",6.57 inches,699.0,2020
Honor,30S,6GB,16MP,64MP,Kirin 820 5G,"4,000mAh",6.5 inches,349.0,2020
Honor,X10,6GB,16MP,40MP,Kirin 820 5G,"4,300mAh",6.63 inches,319.0,2020
Honor,X10 Max,8GB,8MP,48MP,MediaTek Dimensity 800,"5,000mAh",7.09 inches,379.0,2020
Honor,Play 4,6GB,16MP,64MP,MediaTek Dimensity 800,"4,300mAh",6.81 inches,349.0,2020
Honor,Play 4 Pro,8GB,32MP,40MP,Kirin 990 5G,"4,200mAh",6.57 inches,549.0,2020
Honor,10X Lite,4GB,8MP,48MP,Kirin 710A,"5,000mAh",6.67 inches,229.0,2020
Honor,V40,8GB,16MP,50MP,MediaTek Dimensity 1000+,"4,000mAh",6.72 inches,599.0,2021
Honor,50,8GB,32MP,108MP,Qualcomm Snapdragon 778G,"4,300mAh",6.57 inches,549.0,2021
Honor,50 Pro,8GB,32MP,108MP,Qualcomm Snapdragon 778G,"4,000mAh",6.72 inches,649.0,2021
Honor,50 SE,8GB,16MP,108MP,MediaTek Dimensity 900,"4,000mAh",6.78 inches,449.0,2021
Honor,X20,6GB,16MP,64MP,MediaTek Dimensity 900,"4,300mAh",6.67 inches,379.0,2021
Honor,X20 SE,6GB,16MP,64MP,MediaTek Dimensity 700,"4,000mAh",6.6 inches,299.0,2021
Honor,Play 5,8GB,16MP,64MP,MediaTek Dimensity 800U,"3,800mAh",6.53 inches,319.0,2021
Honor,Play 5T,6GB,8MP,13MP,Unisoc T610,"5,000mAh",6.5 inches,219.0,2021
Honor,Magic3,8GB,13MP,50MP,Qualcomm Snapdragon 888,"4,600mAh",6.76 inches,899.0,2021
Honor,Magic3 Pro,8GB,13MP,50MP,Qualcomm Snapdragon 888+,"4,600mAh",6.76 inches,1099.0,2021
Honor,Magic3 Pro+,12GB,13MP,50MP,Qualcomm Snapdragon 888+,"4,600mAh",6.76 inches,1299.0,2021
Honor,60,8GB,32MP,108MP,Qualcomm Snapdragon 778G,"4,800mAh",6.67 inches,549.0,2021
Honor,60 Pro,8GB,50MP,108MP,Qualcomm Snapdragon 778G+,"4,800mAh",6.78 inches,649.0,2021
Honor,60 SE,8GB,16MP,64MP,MediaTek Dimensity 900,"4,300mAh",6.67 inches,449.0,2021
Honor,X30,6GB,16MP,48MP,Qualcomm Snapdragon 695,"4,800mAh",6.81 inches,379.0,2021
Honor,X30i,6GB,16MP,48MP,MediaTek Dimensity 810,"4,000mAh",6.7 inches,299.0,2021
Honor,X30 Max,8GB,8MP,64MP,MediaTek Dimensity 900,"5,000mAh",7.09 inches,499.0,2021
Honor,Play 6,6GB,5MP,13MP,MediaTek MT6762G Helio G25,"5,000mAh",6.52 inches,179.0,2022
Honor,Play 6T,6GB,5MP,13MP,MediaTek Dimensity 700,"5,000mAh",6.74 inches,229.0,2022
Honor,Magic4,8GB,12MP,50MP,Qualcomm Snapdragon 8 Gen 1,"4,800mAh",6.81 inches,899.0,2022
Honor,Magic4 Pro,8GB,12MP,50MP,Qualcomm Snapdragon 8 Gen 1,"4,600mAh",6.81 inches,1099.0,2022
Honor,Magic4 Ultimate,12GB,12MP,50MP,Qualcomm Snapdragon 8 Gen 1,"4,600mAh",6.81 inches,1299.0,2022
Honor,Magic V,12GB,42MP,50MP,Qualcomm Snapdragon 8 Gen 1,"4,750mAh",7.9 inches,1799.0,2022
Honor,70,8GB,32MP,54MP,Qualcomm Snapdragon 778G+,"4,800mAh",6.67 inches,549.0,2022
Honor,70 Pro,8GB,50MP,54MP,MediaTek Dimensity 8000,"4,500mAh",6.78 inches,699.0,2022
Honor,70 Pro+,12GB,50MP,54MP,MediaTek Dimensity 9000,"4,500mAh",6.78 inches,799.0,2022
Honor,X40,6GB,8MP,50MP,Qualcomm Snapdragon 695,"5,100mAh",6.67 inches,299.0,2022
Honor,X40i,6GB,8MP,50MP,MediaTek Dimensity 700,"4,000mAh",6.7 inches,279.0,2022
Honor,Play 7,4GB,5MP,13MP,MediaTek Helio G37,"5,200mAh",6.74 inches,159.0,2023
Honor,Play 7T,6GB,5MP,13MP,MediaTek Dimensity 6020,"5,200mAh",6.74 inches,199.0,2023
Honor,Magic5,8GB,12MP,50MP,Qualcomm Snapdragon 8 Gen 2,"5,100mAh",6.81 inches,999.0,2023
Honor,Magic5 Pro,12GB,12MP,50MP,Qualcomm Snapdragon 8 Gen 2,"5,100mAh",6.81 inches,1199.0,2023
Honor,Magic5 Ultimate,16GB,12MP,50MP,Qualcomm Snapdragon 8 Gen 2,"5,450mAh",6.81 inches,1399.0,2023
Honor,Magic Vs,12GB,16MP,50MP,Qualcomm Snapdragon 8+ Gen 1,"5,000mAh",7.9 inches,1699.0,2023
Honor,80,8GB,32MP,160MP,Qualcomm Snapdragon 782G,"4,800mAh",6.67 inches,549.0,2022
Honor,80 Pro,12GB,50MP,160MP,Qualcomm Snapdragon 8+ Gen 1,"4,800mAh",6.78 inches,799.0,2022
Honor,80 SE,8GB,32MP,64MP,MediaTek Dimensity 900,"4,600mAh",6.67 inches,399.0,2022
Honor,X50,6GB,8MP,108MP,Qualcomm Snapdragon 6 Gen 1,"5,800mAh",6.78 inches,299.0,2023
Honor,X50i,6GB,8MP,100MP,MediaTek Dimensity 6020,"4,500mAh",6.7 inches,249.0,2023
Honor,Play 8,4GB,5MP,13MP,MediaTek Helio G36,"5,000mAh",6.52 inches,149.0,2023
Honor,Play 8T,6GB,5MP,50MP,MediaTek Dimensity 6100+,"5,200mAh",6.74 inches,189.0,2023
Honor,Magic6,8GB,12MP,50MP,Qualcomm Snapdragon 8 Gen 3,"5,200mAh",6.81 inches,1099.0,2024
Honor,Magic6 Pro,12GB,12MP,50MP,Qualcomm Snapdragon 8 Gen 3,"5,500mAh",6.81 inches,1299.0,2024
Honor,Magic6 Ultimate,16GB,12MP,50MP,Qualcomm Snapdragon 8 Gen 3,"5,550mAh",6.81 inches,1499.0,2024
Honor,Magic V2,12GB,16MP,50MP,Qualcomm Snapdragon 8 Gen 2,"5,000mAh",7.92 inches,1899.0,2024
Honor,90,12GB,50MP,200MP,Qualcomm Snapdragon 7 Gen 1,"5,000mAh",6.7 inches,599.0,2023
Honor,90 Pro,12GB,50MP,200MP,Qualcomm Snapdragon 8+ Gen 1,"5,000mAh",6.78 inches,699.0,2023
Honor,90 SE,8GB,32MP,64MP,MediaTek Dimensity 900,"4,600mAh",6.67 inches,399.0,2023
Honor,X60,6GB,8MP,108MP,Qualcomm Snapdragon 6 Gen 1,"5,800mAh",6.78 inches,299.0,2023
Honor,X60i,6GB,8MP,100MP,MediaTek Dimensity 6020,"4,500mAh",6.7 inches,249.0,2023
Honor,Play 9,4GB,5MP,13MP,MediaTek Helio G36,"5,000mAh",6.52 inches,149.0,2023
Honor,Play 9T,6GB,5MP,50MP,MediaTek Dimensity 6100+,"5,200mAh",6.74 inches,189.0,2023
Honor,Magic7,8GB,12MP,50MP,Qualcomm Snapdragon 8 Gen 3,"5,200mAh",6.81 inches,1099.0,2024
Honor,Magic7 Pro,12GB,12MP,50MP,Qualcomm Snapdragon 8 Gen 3,"5,500mAh",6.81 inches,1299.0,2024
Honor,Magic7 Ultimate,16GB,12MP,50MP,Qualcomm Snapdragon 8 Gen 3,"5,550mAh",6.81 inches,1499.0,2024
Honor,Magic V3,12GB,16MP,50MP,Qualcomm Snapdragon 8 Gen 2,"5,000mAh",7.92 inches,1899.0,2024
Honor,Pad 6,4GB,2MP,5MP,Qualcomm Snapdragon 662,"5,100mAh",10.1 inches,199.0,2020
Honor,Pad X6,3GB,2MP,5MP,MediaTek MT8768T,"5,100mAh",9.7 inches,159.0,2020
Honor,Pad 7,4GB,2MP,5MP,MediaTek Helio G80,"5,100mAh",10.1 inches,229.0,2021
Honor,Tablet V7,6GB,8MP,13MP,MediaTek Dimensity 800,"7,250mAh",10.4 inches,399.0,2021
Honor,Tablet V7 Pro,8GB,8MP,13MP,MediaTek Dimensity 1300T,"7,250mAh",11.0 inches,499.0,2021
Honor,Pad 8,6GB,5MP,5MP,Qualcomm Snapdragon 680,"7,250mAh",12.0 inches,299.0,2022
Honor,Pad X8,4GB,2MP,5MP,MediaTek Helio G80,"5,100mAh",10.1 inches,189.0,2022
Honor,Pad X8 Lite,3GB,2MP,5MP,MediaTek MT8786,"5,000mAh",9.7 inches,149.0,2022
Honor,Pad V8,6GB,5MP,13MP,MediaTek Dimensity 8020,"7,250mAh",11.0 inches,449.0,2023
Honor,Pad V8 Pro,8GB,8MP,13MP,MediaTek Dimensity 9000,"8,500mAh",12.1 inches,649.0,2023
Honor,Pad 9,8GB,8MP,13MP,Qualcomm Snapdragon 6 Gen 1,"8,300mAh",12.1 inches,399.0,2024
Honor,Pad 9 Pro,12GB,8MP,13MP,MediaTek Dimensity 8100,"9,000mAh",12.6 inches,499.0,2024
Honor,Pad X9,6GB,5MP,8MP,Qualcomm Snapdragon 685,"7,250mAh",11.5 inches,299.0,2023
Honor,Pad X8 Pro,4GB,2MP,5MP,MediaTek Helio G80,"5,100mAh",10.1 inches,189.0,2023
Honor,MagicPad 13,12GB,8MP,13MP,Qualcomm Snapdragon 8+ Gen 1,"10,000mAh",13.0 inches,799.0,2023
Honor,MagicPad 2,16GB,12MP,16MP,Qualcomm Snapdragon 8 Gen 2,"10,500mAh",13.2 inches,899.0,2024
Honor,Pad X8a,4GB,2MP,5MP,MediaTek MT8786,"5,000mAh",9.7 inches,149.0,2023
Honor,Pad X8a Kids Edition,3GB,2MP,5MP,MediaTek MT8786,"5,100mAh",9.7 inches,129.0,2023
Honor,Pad X9 Pro,8GB,8MP,13MP,Qualcomm Snapdragon 7s Gen 2,"8,000mAh",11.6 inches,399.0,2024
Honor,Pad V9,8GB,8MP,13MP,MediaTek Dimensity 9000,"8,500mAh",12.1 inches,649.0,2024
Honor,Pad GT Pro,12GB,12MP,16MP,Qualcomm Snapdragon 8 Gen 3,"10,500mAh",13.5 inches,999.0,2024
Honor,Pad X10,6GB,5MP,8MP,Qualcomm Snapdragon 685,"8,850mAh",12.1 inches,399.0,2024
Honor,Pad X10 Pro,8GB,8MP,13MP,Qualcomm Snapdragon 7s Gen 2,"9,000mAh",12.6 inches,499.0,2024
Honor,MagicPad 3,12GB,12MP,16MP,Qualcomm Snapdragon 8 Gen 3,"10,500mAh",13.0 inches,799.0,2024
Honor,Pad V10,8GB,8MP,13MP,MediaTek Dimensity 9000,"8,500mAh",12.1 inches,649.0,2024
POCO,F2 Pro 128GB,6GB,20MP,64MP,Snapdragon 865,4700mAh,6.67 inches,499.0,2020
POCO,M2 Pro 64GB,4GB,16MP,48MP,Snapdragon 720G,5000mAh,6.67 inches,199.0,2020
POCO,X3 NFC 128GB,6GB,20MP,64MP,Snapdragon 732G,5160mAh,6.67 inches,229.0,2020
POCO,M3 64GB,4GB,8MP,48MP,Snapdragon 662,6000mAh,6.53 inches,149.0,2020
POCO,F3 128GB,6GB,20MP,48MP,Snapdragon 870,4520mAh,6.67 inches,349.0,2021
POCO,X3 Pro 128GB,6GB,20MP,48MP,Snapdragon 860,5160mAh,6.67 inches,249.0,2021
POCO,M3 Pro 5G 64GB,4GB,8MP,48MP,MediaTek Dimensity 700,5000mAh,6.5 inches,199.0,2021
POCO,F3 GT 128GB,6GB,16MP,64MP,MediaTek Dimensity 1200,5065mAh,6.67 inches,399.0,2021
POCO,X3 GT 128GB,6GB,16MP,64MP,MediaTek Dimensity 1100,5000mAh,6.6 inches,279.0,2021
POCO,M4 Pro 5G 128GB,4GB,16MP,50MP,MediaTek Dimensity 810,5000mAh,6.6 inches,219.0,2021
POCO,F4 128GB,6GB,20MP,64MP,Snapdragon 870,4500mAh,6.67 inches,349.0,2022
POCO,F4 GT 128GB,8GB,20MP,64MP,Snapdragon 8 Gen 1,4700mAh,6.67 inches,499.0,2022
POCO,X4 Pro 5G 128GB,6GB,16MP,108MP,Snapdragon 695,5000mAh,6.67 inches,299.0,2022
POCO,M4 Pro 128GB,6GB,16MP,64MP,MediaTek Helio G96,5000mAh,6.43 inches,219.0,2022
POCO,M5 128GB,4GB,5MP,50MP,MediaTek Helio G99,5000mAh,6.58 inches,199.0,2022
POCO,M5s 128GB,4GB,13MP,64MP,MediaTek Helio G95,5000mAh,6.43 inches,229.0,2022
POCO,F5 128GB,6GB,16MP,64MP,Snapdragon 7+ Gen 2,5000mAh,6.67 inches,349.0,2023
POCO,F5 Pro 256GB,8GB,20MP,64MP,Snapdragon 8+ Gen 1,5160mAh,6.67 inches,499.0,2023
POCO,X5 128GB,6GB,13MP,48MP,Snapdragon 695,5000mAh,6.67 inches,279.0,2023
POCO,X5 Pro 128GB,6GB,16MP,108MP,Snapdragon 778G,5000mAh,6.67 inches,329.0,2023
POCO,M6 64GB,4GB,8MP,50MP,MediaTek Helio G88,5000mAh,6.58 inches,199.0,2023
POCO,M6 Pro 128GB,6GB,8MP,50MP,Snapdragon 4 Gen 1,5000mAh,6.79 inches,219.0,2023
POCO,X6 128GB,6GB,16MP,64MP,MediaTek Dimensity 8100,5000mAh,6.67 inches,349.0,2024
POCO,X6 Pro 256GB,8GB,20MP,108MP,MediaTek Dimensity 8300,5000mAh,6.67 inches,399.0,2024
POCO,F6 128GB,6GB,20MP,64MP,Snapdragon 8 Gen 2,5000mAh,6.67 inches,449.0,2024
POCO,F6 Pro 256GB,8GB,20MP,108MP,Snapdragon 8+ Gen 2,5160mAh,6.67 inches,549.0,2024
POCO,C65 64GB,4GB,5MP,50MP,MediaTek Helio G85,5000mAh,6.5 inches,149.0,2024
POCO,X7 128GB,6GB,16MP,64MP,MediaTek Dimensity 8200,5000mAh,6.67 inches,329.0,2025
POCO,X7 Pro 256GB,8GB,20MP,108MP,MediaTek Dimensity 8400,6000mAh,6.67 inches,399.0,2025
POCO,M7 5G 128GB,6GB,8MP,50MP,MediaTek Dimensity 7025,5110mAh,6.67 inches,229.0,2024
Poco,Pad 5G 128GB,8GB,8MP,8MP,Snapdragon 7s Gen 2,"10,000mAh",12.1 inches,280.0,2024
Poco,Pad 5G 256GB,8GB,8MP,8MP,Snapdragon 7s Gen 2,"10,000mAh",12.1 inches,300.0,2024
Samsung,Galaxy Z Fold6 256GB,12GB,"10MP, 4MP (UDC)",50MP,Snapdragon 8 Gen 3,4400mAh,7.6 inches,1899.0,2024
Samsung,Galaxy Z Fold6 512GB,12GB,"10MP, 4MP (UDC)",50MP,Snapdragon 8 Gen 3,4400mAh,7.6 inches,1719.0,2024
Samsung,Galaxy Z Fold6 1TB,12GB,"10MP, 4MP (UDC)",50MP,Snapdragon 8 Gen 3,4400mAh,7.6 inches,2259.0,2024
Samsung,"Galaxy F70e 5G (Limelight Green, 128 GB)",4 GB RAM | 128 GB ROM | Expandable Upto 2 TB,8MP,50MP + 2MP,6000 mAh Li-ion Battery,0,17.12 cm (6.74 inch) HD+ Display,117.49000000000001,0
Apple,"iPhone 16 (White, 128 GB)",128 GB ROM,12MP,48MP + 12MP,"A18 Chip, 6 Core Processor Processor",0,15.49 cm (6.1 inch) Super Retina XDR Display,649.0,0
MOTOROLA,"g57 power 5G (Pantone Fluidity, 128 GB)",8 GB RAM | 128 GB ROM,8MP,50MP + 8MP,7000 mAh Battery,0,17.07 cm (6.72 inch) Full HD+ Display,139.99,0
Apple,"iPhone 16 (Black, 128 GB)",128 GB ROM,12MP,48MP + 12MP,"A18 Chip, 6 Core Processor Processor",0,15.49 cm (6.1 inch) Super Retina XDR Display,649.0,0
vivo,"T4 Lite 5G Charger in the Box (Titanium Gold, 64 GB)",4 GB RAM | 64 GB ROM | Expandable Upto 2 TB,5MP,50MP + 2MP,6000 mAh Battery,0,17.12 cm (6.74 inch) HD+ Display,109.99000000000001,0
Apple,"iPhone 16 (Teal, 128 GB)",128 GB ROM,12MP,48MP + 12MP,"A18 Chip, 6 Core Processor Processor",0,15.49 cm (6.1 inch) Super Retina XDR Display,649.0,0
vivo,"T4 Lite 5G Charger in the Box (Prism Blue, 64 GB)",4 GB RAM | 64 GB ROM | Expandable Upto 2 TB,5MP,50MP + 2MP,6000 mAh Battery,0,17.12 cm (6.74 inch) HD+ Display,109.99000000000001,0
Apple,"iPhone 16 (Ultramarine, 128 GB)",128 GB ROM,12MP,48MP + 12MP,"A18 Chip, 6 Core Processor Processor",0,15.49 cm (6.1 inch) Super Retina XDR Display,649.0,0
Apple,"iPhone 17 (Sage, 256 GB)",256 GB ROM,18MP,48MP + 48MP,"A19 Chip, 6 Core Processor Processor",0,16.0 cm (6.3 inch) Super Retina XDR Display,829.0,0
POCO,"C75 5G (Enchanted Green, 64 GB)",4 GB RAM | 64 GB ROM | Expandable Upto 1 TB,5MP,50MP Rear Camera,5160 mAh Battery,0,17.48 cm (6.88 inch) HD+ Display,84.99,0
vivo,"T4 Lite 5G Charger in the Box (Prism Blue, 128 GB)",6 GB RAM | 128 GB ROM | Expandable Upto 2 TB,5MP,50MP + 2MP,6000 mAh Battery,0,17.12 cm (6.74 inch) HD+ Display,129.99,0
Apple,"iPhone 16 (Pink, 128 GB)",128 GB ROM,12MP,48MP + 12MP,"A18 Chip, 6 Core Processor Processor",0,15.49 cm (6.1 inch) Super Retina XDR Display,649.0,0
CMF,"by Nothing Phone 2 Pro (Light Green, 128 GB)",8 GB RAM | 128 GB ROM | Expandable Upto 2 TB,16MP,50MP + 50MP + 8MP,5000 mAh Battery,0,17.2 cm (6.77 inch) Display,179.99,0
CMF,"by Nothing Phone 2 Pro (Black, 256 GB)",8 GB RAM | 256 GB ROM | Expandable Upto 2 TB,16MP,50MP + 50MP + 8MP,5000 mAh Battery,0,17.2 cm (6.77 inch) Display,199.99,0
vivo,"T4x 5G (Marine Blue, 128 GB)",6 GB RAM | 128 GB ROM,8MP,50MP + 2MP,6500 mAh Battery,0,17.07 cm (6.72 inch) Display,154.99,0
MOTOROLA,"g57 power 5G (Pantone Corsair, 128 GB)",8 GB RAM | 128 GB ROM,8MP,50MP + 8MP,7000 mAh Battery,0,17.07 cm (6.72 inch) Full HD+ Display,139.99,0
Apple,"iPhone 17 (Black, 256 GB)",256 GB ROM,18MP,48MP + 48MP,"A19 Chip, 6 Core Processor Processor",0,16.0 cm (6.3 inch) Super Retina XDR Display,829.0,0
MOTOROLA,"g67 power 5G (Pantone Parachute, 128 GB)",8 GB RAM | 128 GB ROM,32MP,50MP + 8MP,7000 mAh Battery,0,17.02 cm (6.7 inch) Full HD+ Display,159.99,0
Apple,"iPhone 17 (Lavender, 256 GB)",256 GB ROM,18MP,48MP + 48MP,"A19 Chip, 6 Core Processor Processor",0,16.0 cm (6.3 inch) Super Retina XDR Display,829.0,0
POCO,"M7 5G (Satin Black, 128 GB)",6 GB RAM | 128 GB ROM | Expandable Upto 1 TB,8MP,50MP Rear Camera,5160 mAh Battery,0,17.48 cm (6.88 inch) HD+ Display,107.99000000000001,0
POCO,"M7 5G (Ocean Blue, 128 GB)",6 GB RAM | 128 GB ROM | Expandable Upto 1 TB,8MP,50MP Rear Camera,5160 mAh Battery,0,17.48 cm (6.88 inch) HD+ Display,107.99000000000001,0
realme,"P3x 5G (Lunar Silver, 128 GB)",6 GB RAM | 128 GB ROM,8MP,50MP Rear Camera,6000 mAh Battery,0,17.07 cm (6.72 inch) Full HD Display,129.99,0
Samsung,"Galaxy F70e 5G (Limelight Green, 128 GB)",4 GB RAM | 128 GB ROM | Expandable Upto 2 TB,8MP,50MP + 2MP,6000 mAh Li-ion Battery,0,17.12 cm (6.74 inch) HD+ Display,117.49000000000001,0
Tecno,"Spark Go 1 (Magic Skin Green, 64 GB)",4 GB RAM | 64 GB ROM | Expandable Upto 1 TB,8MP,13MP Rear Camera,5000 mAh Battery,0,16.94 cm (6.67 inch) Display,72.99,0
Apple,"iPhone 17 (White, 256 GB)",256 GB ROM,18MP,48MP + 48MP,"A19 Chip, 6 Core Processor Processor",0,16.0 cm (6.3 inch) Super Retina XDR Display,829.0,0
MOTOROLA,"G96 5G (Pantone Dresden Blue, 256 GB)",8 GB RAM | 256 GB ROM,32MP,50MP + 8MP,5500 mAh Battery,0,16.94 cm (6.67 inch) Full HD+ Display,189.99,0
Apple,"iPhone 15 (Black, 128 GB)",128 GB ROM,12MP,48MP + 12MP,"A16 Bionic Chip, 6 Core Processor Processor",0,15.49 cm (6.1 inch) Super Retina XDR Display,549.0,0
vivo,"T4 Lite 5G Charger in the Box (Titanium Gold, 128 GB)",4 GB RAM | 128 GB ROM | Expandable Upto 2 TB,5MP,50MP + 2MP,6000 mAh Battery,0,17.12 cm (6.74 inch) HD+ Display,119.99000000000001,0
realme,"P4 Power 5G (TransOrange, 256 GB)",8 GB RAM | 256 GB ROM,Yes,50MP + 8MP,10001 mAh Battery,0,17.27 cm (6.8 inch) Full HD+ AMOLED Display,279.99,0
MOTOROLA,"Edge 60 Fusion 5G (PANTONE Amazonite, 256 GB)",8 GB RAM | 256 GB ROM | Expandable Upto 1 TB,32MP,50MP + 13MP,5500 mAh Battery,0,16.94 cm (6.67 inch) Display,229.99,0
MOTOROLA,"Edge 60 Fusion 5G (PANTONE Zephyr, 256 GB)",8 GB RAM | 256 GB ROM | Expandable Upto 1 TB,32MP,50MP + 13MP,5500 mAh Battery,0,16.94 cm (6.67 inch) Display,229.99,0
Apple,"iPhone 17 (Mist Blue, 256 GB)",256 GB ROM,18MP,48MP + 48MP,"A19 Chip, 6 Core Processor Processor",0,16.0 cm (6.3 inch) Super Retina XDR Display,829.0,0
MOTOROLA,"G96 5G (Pantone Ashleigh Blue, 128 GB)",8 GB RAM | 128 GB ROM,32MP,50MP + 8MP,5500 mAh Battery,0,16.94 cm (6.67 inch) Full HD+ Display,179.99,0
vivo,"T4x 5G (Glacial Teal, 128 GB)",6 GB RAM | 128 GB ROM,8MP,50MP + 2MP,6500 mAh Battery,0,17.07 cm (6.72 inch) Display,154.99,0
realme,"P3 Lite 5G Charger in the Box (Midnight Lily, 128 GB)",4 GB RAM | 128 GB ROM | Expandable Upto 2 TB,8MP,32MP Rear Camera,6000 mAh Battery,0,16.94 cm (6.67 inch) Display,119.99000000000001,0
MOTOROLA,"g57 power 5G (Pantone Regatta, 128 GB)",8 GB RAM | 128 GB ROM,8MP,50MP + 8MP,7000 mAh Battery,0,17.07 cm (6.72 inch) Full HD+ Display,139.99,0
MOTOROLA,"G96 5G (Pantone Cattleya Orchid, 128 GB)",8 GB RAM | 128 GB ROM,32MP,50MP + 8MP,5500 mAh Battery,0,16.94 cm (6.67 inch) Full HD+ Display,179.99,0
MOTOROLA,"g06 power (Pantone Tendril, 64 GB)",4 GB RAM | 64 GB ROM | Expandable Upto 1 TB,8MP,50MP Rear Camera,7000 mAh Battery,0,17.48 cm (6.88 inch) HD+ Display,79.99,0
OPPO,"K14x 5G (Icy Blue, 128 GB)",6 GB RAM | 128 GB ROM,5MP; f/2.2; FOV 77°; 3P lens,50MP + 2MP,6500 mAh Battery,0,17.14 cm (6.75 inch) HD+ Display,169.99,0
Acer,"Super ZX 5G (Carbon Black, 128 GB)",8 GB RAM | 128 GB ROM,,64MP Rear Camera,5000 mAh Battery,0,17.02 cm (6.7 inch) Display,106.99000000000001,0
POCO,"M7 5G (Satin Black, 128 GB)",8 GB RAM | 128 GB ROM | Expandable Upto 1 TB,8MP,50MP Rear Camera,5160 mAh Battery,0,17.48 cm (6.88 inch) HD+ Display,117.99000000000001,0
MOTOROLA,"Edge 60 Fusion 5G (PANTONE Slipstream, 256 GB)",12 GB RAM | 256 GB ROM | Expandable Upto 1 TB,32MP,50MP + 13MP,5500 mAh Battery,0,16.94 cm (6.67 inch) Display,249.99,0
POCO,"M7 Plus 5G (Aqua Blue, 128 GB)",6 GB RAM | 128 GB ROM | Expandable Upto 2 TB,,50MP AI Dual Camera,7000 mAh Battery,0,17.53 cm (6.9 inch) Display,139.99,0
OPPO,"K14x 5G (Prism Violet, 128 GB)",4 GB RAM | 128 GB ROM,5MP; f/2.2; FOV 77°; 3P lens,50MP + 2MP,6500 mAh Battery,0,17.14 cm (6.75 inch) HD+ Display,149.99,0
Samsung,"Galaxy F70e 5G (Limelight Green, 128 GB)",4 GB RAM | 128 GB ROM | Expandable Upto 2 TB,8MP,50MP + 2MP,6000 mAh Li-ion Battery,0,17.12 cm (6.74 inch) HD+ Display,117.49000000000001,0
POCO,"M7 Plus 5G (Aqua Blue, 128 GB)",4 GB RAM | 128 GB ROM | Expandable Upto 2 TB,,50MP Rear Camera,7000 mAh Battery,0,17.53 cm (6.9 inch) Display,129.99,0
POCO,"M7 Pro 5G (Lavender Frost, 128 GB)",6 GB RAM | 128 GB ROM,20MP,50MP + 2MP,5110 mAh Battery,0,16.94 cm (6.67 inch) Full HD+ Display,134.99,0
MOTOROLA,"g35 5G (Midnight Black, 128 GB)",4 GB RAM | 128 GB ROM | Expandable Upto 1 TB,16MP,50MP + 8MP,5000 mAh Battery,0,17.07 cm (6.72 inch) Full HD+ Display,119.99000000000001,0
realme,"Narzo 80 Lite 5G (Onyx Black, 128 GB)",4 GB RAM | 128 GB ROM,,32MP Rear Camera,6000 mAh Battery,0,16.94 cm (6.67 inch) Display,113.3,0
OnePlus,"Nord CE5 5G (Black Infinity, 128 GB)",8 GB RAM | 128 GB ROM,,50MP Rear Camera,7100 mAh Battery,0,17.2 cm (6.77 inch) Display,253.16,0
vivo,"T4 5G (Emerald Blaze, 256 GB)",12 GB RAM | 256 GB ROM,32MP,50MP (OIS) + 2MP,7300 mAh Battery,0,17.2 cm (6.77 inch) Display,269.99,0
vivo,"T4x 5G (Pronto Purple, 128 GB)",8 GB RAM | 128 GB ROM,8MP,50MP + 2MP,6500 mAh Battery,0,17.07 cm (6.72 inch) Display,164.99,0
MOTOROLA,"Edge 60 Pro (Pantone Shadow, 256 GB)",8 GB RAM | 256 GB ROM,50MP,50MP + 50MP + 10MP,6000 mAh Battery,0,17.02 cm (6.7 inch) Display,299.99,0
vivo,"T4R 5G (Arctic White, 128 GB)",8 GB RAM | 128 GB ROM,32MP,50MP (OIS) + 2MP,5700 mAh Battery,0,17.2 cm (6.77 inch) Display,209.99,0
POCO,"C75 5G (Aqua Bliss, 128 GB)",4 GB RAM | 128 GB ROM | Expandable Upto 1 TB,5MP,50MP Rear Camera,5160 mAh Battery,0,17.48 cm (6.88 inch) HD+ Display,94.99,0
realme,"P4x 5G (Matte Silver, 128 GB)",6 GB RAM | 128 GB ROM,8MP,50MP + 2MP,7000 mAh Battery,0,17.07 cm (6.72 inch) Full HD+ Display,164.99,0
MOTOROLA,"Edge 60 Fusion 5G (PANTONE Amazonite, 256 GB)",12 GB RAM | 256 GB ROM | Expandable Upto 1 TB,32MP,50MP + 13MP,5500 mAh Battery,0,16.94 cm (6.67 inch) Display,249.99,0
MOTOROLA,"Edge 60 Fusion 5G (PANTONE Mykonos Blue, 256 GB)",8 GB RAM | 256 GB ROM | Expandable Upto 1 TB,32MP,50MP + 13MP,5500 mAh Battery,0,16.94 cm (6.67 inch) Display,229.99,0
Nokia,"105 Classic Single Sim Keypad Phone, Charger in-Box",32 MB RAM | 32 MB ROM,,0MP Front Camera,800 mAh Battery,0,4.5 cm (1.77 inch) Display,11.790000000000001,0
Ai+,"Pulse (Blue, 64 GB)",4 GB RAM | 64 GB ROM | Expandable Upto 1 TB,5MP,50MP Rear Camera,5000 mAh Battery,0,17.13 cm (6.745 inch) HD+ Display,69.99,0
vivo,"T4x 5G (Glacial Teal, 128 GB)",8 GB RAM | 128 GB ROM,8MP,50MP + 2MP,6500 mAh Battery,0,17.07 cm (6.72 inch) Display,164.99,0
POCO,"C75 5G (Enchanted Green, 128 GB)",4 GB RAM | 128 GB ROM | Expandable Upto 1 TB,5MP,50MP Rear Camera,5160 mAh Battery,0,17.48 cm (6.88 inch) HD+ Display,94.99,0
realme,"P4 Power 5G (TransBlue, 128 GB)",8 GB RAM | 128 GB ROM,Yes,50MP + 8MP,10001 mAh Battery,0,17.27 cm (6.8 inch) Full HD+ AMOLED Display,259.99,0
vivo,"T4 5G (Emerald Blaze, 128 GB)",8 GB RAM | 128 GB ROM,32MP,50MP (OIS) + 2MP,7300 mAh Battery,0,17.2 cm (6.77 inch) Display,229.99,0
OPPO,"K14x 5G (Prism Violet, 128 GB)",4 GB RAM | 128 GB ROM,5MP; f/2.2; FOV 77°; 3P lens,50MP + 2MP,6500 mAh Battery,0,17.14 cm (6.75 inch) HD+ Display,149.99,0
POCO,"C75 5G (Aqua Bliss, 64 GB)",4 GB RAM | 64 GB ROM | Expandable Upto 1 TB,5MP,50MP Rear Camera,5160 mAh Battery,0,17.48 cm (6.88 inch) HD+ Display,84.99,0
Samsung,"Galaxy F70e 5G (Limelight Green, 128 GB)",4 GB RAM | 128 GB ROM | Expandable Upto 2 TB,8MP,50MP + 2MP,6000 mAh Li-ion Battery,0,17.12 cm (6.74 inch) HD+ Display,117.49000000000001,0
realme,"P4x 5G (Lake Green, 128 GB)",6 GB RAM | 128 GB ROM,8MP,50MP + 2MP,7000 mAh Battery,0,17.07 cm (6.72 inch) Full HD+ Display,164.99,0
Samsung,Guru 1200,4 MB RAM | 10 MB ROM,,800 mAh Battery,,0,3.86 cm (1.52 inch) Display,7.75,0
MOTOROLA,"g05 (Plum Red, 64 GB)",4 GB RAM | 64 GB ROM | Expandable Upto 1 TB,8MP,50MP Rear Camera,5100 mAh Battery,0,16.94 cm (6.67 inch) HD+ Display,72.99,0
vivo,"T4x 5G (Pronto Purple, 128 GB)",6 GB RAM | 128 GB ROM,8MP,50MP + 2MP,6500 mAh Battery,0,17.07 cm (6.72 inch) Display,154.99,0
Ai+,"Nova 5G (Pink, 128 GB)",6 GB RAM | 128 GB ROM | Expandable Upto 1 TB,5MP,50MP Rear Camera,5000 mAh Battery,0,17.13 cm (6.745 inch) HD+ Display,89.99,0
vivo,"T4 Lite 5G Charger in the Box (Prism Blue, 128 GB)",4 GB RAM | 128 GB ROM | Expandable Upto 2 TB,5MP,50MP + 2MP,6000 mAh Battery,0,17.12 cm (6.74 inch) HD+ Display,119.99000000000001,0
realme,"P3 Lite 5G (Jade Green, 128 GB)",4 GB RAM | 128 GB ROM | Expandable Upto 2 TB,8MP,32MP Rear Camera,6000 mAh Battery,0,16.94 cm (6.67 inch) Display,119.99000000000001,0
CMF,"by Nothing Phone 2 Pro (White, 128 GB)",8 GB RAM | 128 GB ROM | Expandable Upto 2 TB,16MP,50MP + 50MP + 8MP,5000 mAh Battery,0,17.2 cm (6.77 inch) Display,179.99,0
Motorola,"G85 5G (Cobalt Blue, 128 GB)",8 GB RAM | 128 GB ROM,32MP,50MP + 8MP,5000 mAh Battery,0,16.94 cm (6.67 inch) Full HD+ Display,159.99,0
POCO,"M6 Plus 5G (Graphite Black, 128 GB)",8 GB RAM | 128 GB ROM | Expandable Upto 1 TB,13MP,108MP + 2MP,5030 mAh Battery,0,17.25 cm (6.79 inch) Full HD+ Display,123.4,0
vivo,"T4R 5G (Twilight Blue, 128 GB)",8 GB RAM | 128 GB ROM,32MP,50MP (OIS) + 2MP,5700 mAh Battery,0,17.2 cm (6.77 inch) Display,209.99,0
vivo,"T4 Lite 5G Charger in the Box (Titanium Gold, 128 GB)",6 GB RAM | 128 GB ROM | Expandable Upto 2 TB,5MP,50MP + 2MP,6000 mAh Battery,0,17.12 cm (6.74 inch) HD+ Display,129.99,0
Nokia,All-New 105 Single Sim Keypad Phone with Built-in UPI Payments,32 MB RAM | 32 MB ROM,0MP,0MP,1000 mAh Battery,0,4.5 cm (1.77 inch) Display,12.59,0
Tecno,"Spark 30C 5G (Azure Sky, 128 GB)",4 GB RAM | 128 GB ROM | Expandable Upto 1 TB,8MP,48MP Rear Camera,5000 mAh Battery,0,16.94 cm (6.67 inch) Display,104.99000000000001,0
Nokia,"105 Classic Single Sim Keypad Phone, Without Charger",32 MB RAM | 32 MB ROM,,0MP Front Camera,800 mAh Battery,0,4.5 cm (1.77 inch) Display,9.94,0
MOTOROLA,"g35 5G (Guava Red, 128 GB)",4 GB RAM | 128 GB ROM | Expandable Upto 1 TB,16MP,50MP + 8MP,5000 mAh Battery,0,17.07 cm (6.72 inch) Full HD+ Display,119.99000000000001,0
MOTOROLA,"G96 5G (Pantone Greener Pastures, 256 GB)",8 GB RAM | 256 GB ROM,32MP,50MP + 8MP,5500 mAh Battery,0,16.94 cm (6.67 inch) Full HD+ Display,189.99,0
Samsung,"Galaxy F70e 5G (Limelight Green, 128 GB)",4 GB RAM | 128 GB ROM | Expandable Upto 2 TB,8MP,50MP + 2MP,6000 mAh Li-ion Battery,0,17.12 cm (6.74 inch) HD+ Display,117.49000000000001,0
realme,"Narzo 80 Lite 5G (Crystal Purple, 128 GB)",4 GB RAM | 128 GB ROM,,32MP Rear Camera,6000 mAh Battery,0,16.94 cm (6.67 inch) Display,114.76,0
realme,"Narzo 80 Lite 5G (Onyx Black, 128 GB)",6 GB RAM | 128 GB ROM,,32MP Rear Camera,6000 mAh Battery,0,16.94 cm (6.67 inch) Display,125.9,0
POCO,"C75 5G (Silver Stardust, 128 GB)",4 GB RAM | 128 GB ROM | Expandable Upto 1 TB,5MP,50MP Rear Camera,5160 mAh Battery,0,17.48 cm (6.88 inch) HD+ Display,94.99,0
MOTOROLA,"Edge 60 Pro (Pantone Walnut, 256 GB)",8 GB RAM | 256 GB ROM,50MP,50MP + 50MP + 10MP,6000 mAh Battery,0,17.02 cm (6.7 inch) Display,299.99,0
Tecno,"Spark Go 1 (Startrail Black, 64 GB)",4 GB RAM | 64 GB ROM | Expandable Upto 1 TB,8MP,13MP Rear Camera,5000 mAh Battery,0,16.94 cm (6.67 inch) Display,72.99,0
realme,"C61 (Marble Black, 64 GB)",4 GB RAM | 64 GB ROM | Expandable Upto 2 TB,5MP,32MP Rear Camera,5000 mAh Battery,0,17.13 cm (6.745 inch) HD+ Display,72.49,0
realme,"Narzo 80 Lite 5G (Crystal Purple, 128 GB)",6 GB RAM | 128 GB ROM,,32MP Rear Camera,6000 mAh Battery,0,16.94 cm (6.67 inch) Display,126.72,0
Motorola,"G85 5G (Olive Green, 128 GB)",8 GB RAM | 128 GB ROM,32MP,50MP + 8MP,5000 mAh Battery,0,16.94 cm (6.67 inch) Full HD+ Display,159.99,0
OnePlus,"Nord CE5 5G (Nexus Blue, 128 GB)",8 GB RAM | 128 GB ROM,,50MP Rear Camera,7100 mAh Battery,0,17.2 cm (6.77 inch) Display,254.70000000000002,0
vivo,"T4 Pro 5G (Nitro Blue, 128 GB)",8 GB RAM | 128 GB ROM,32MP,50MP + 2MP + 50MP,6500 mAh Battery,0,17.2 cm (6.77 inch) Display,279.99,0
IQOO,"Z10 Lite 5G (Cyber Green, 128 GB)",6 GB RAM | 128 GB ROM,,50MP Rear Camera,6000 mAh Battery,0,17.12 cm (6.74 inch) Display,132.74,0
IQOO,"Z10X 5G (Titanium, 128 GB)",6 GB RAM | 128 GB ROM,,50MP Rear Camera,6500 mAh Battery,0,17.02 cm (6.7 inch) Display,149.99,0
MOTOROLA,"g35 5G (Midnight Black, 128 GB)",8 GB RAM | 128 GB ROM | Expandable Upto 1 TB,16MP,50MP + 8MP,5000 mAh Battery,0,17.07 cm (6.72 inch) Full HD+ Display,129.99,0
IQOO,"Z10 5G (Stellar Black / Black, 128 GB)",8 GB RAM | 128 GB ROM,,50MP Rear Camera,7300 mAh Battery,0,17.02 cm (6.7 inch) Display,217.18,0
IQOO,"Z10 Lite 5G (Titanium Blue, 128 GB)",4 GB RAM | 128 GB ROM,,50MP Rear Camera,6000 mAh Battery,0,17.12 cm (6.74 inch) Display,122.02,0
MOTOROLA,"G96 5G (Pantone Greener Pastures, 128 GB)",8 GB RAM | 128 GB ROM,32MP,50MP + 8MP,5500 mAh Battery,0,16.94 cm (6.67 inch) Full HD+ Display,179.99,0
realme,"P4 Power 5G (TransSilver, 128 GB)",8 GB RAM | 128 GB ROM,Yes,50MP + 8MP,10001 mAh Battery,0,17.27 cm (6.8 inch) Full HD+ AMOLED Display,259.99,0
POCO,"M7 Pro 5G (Lunar Dust, 128 GB)",6 GB RAM | 128 GB ROM,20MP,50MP + 2MP,5110 mAh Battery,0,16.94 cm (6.67 inch) Full HD+ Display,134.99,0
Samsung,"Galaxy S24 5G Snapdragon (Marble Gray, 256 GB)",8 GB RAM | 256 GB ROM,12MP,50MP + 12MP,4000 mAh Battery,0,15.75 cm (6.2 inch) Full HD+ Display,479.99,0
Apple,"iPhone 15 (Pink, 128 GB)",128 GB ROM,12MP,48MP + 12MP,"A16 Bionic Chip, 6 Core Processor Processor",0,15.49 cm (6.1 inch) Super Retina XDR Display,549.0,0
Samsung,"Galaxy F70e 5G (Limelight Green, 128 GB)",4 GB RAM | 128 GB ROM | Expandable Upto 2 TB,8MP,50MP + 2MP,6000 mAh Li-ion Battery,0,17.12 cm (6.74 inch) HD+ Display,117.49000000000001,0
Jmax,Super 2,32 MB RAM | 32 MB ROM,,0.3MP Rear Camera,1100 mAh Battery,0,4.57 cm (1.8 inch) Display,5.67,0
Nothing,"Phone (3a) Pro (Grey, 128 GB)",8 GB RAM | 128 GB ROM,50MP,50MP (Main) + 50MP (3X Periscope)+ 8MP (Ultra-Wide),5000 mAh Battery,0,43.66 cm (17.19 cm) Full HD+ Display,299.99,0
realme,"P4x 5G (Lake Green, 128 GB)",6 GB RAM | 128 GB ROM,8MP,50MP + 2MP,7000 mAh Battery,0,17.07 cm (6.72 inch) Full HD+ Display,164.99,0
vivo,"T4R 5G (Arctic White, 128 GB)",8 GB RAM | 128 GB ROM,32MP,50MP (OIS) + 2MP,5700 mAh Battery,0,17.2 cm (6.77 inch) Display,209.99,0
OnePlus,"Nord CE5 5G (Marble Mist, 128 GB)",8 GB RAM | 128 GB ROM,,50MP Rear Camera,7100 mAh Battery,0,17.2 cm (6.77 inch) Display,254.26000000000002,0
MOTOROLA,"Edge 60 Fusion 5G (PANTONE Amazonite, 256 GB)",8 GB RAM | 256 GB ROM | Expandable Upto 1 TB,32MP,50MP + 13MP,5500 mAh Battery,0,16.94 cm (6.67 inch) Display,229.99,0
Jio,JioBharat V3 4G,36 MB RAM | 36 MB ROM,,0.3MP Rear Camera,1000 mAh Battery,0,4.5 cm (1.77 inch) Display,8.24,0
realme,"P3x 5G (Lunar Silver, 128 GB)",8 GB RAM | 128 GB ROM,8MP,50MP Rear Camera,6000 mAh Battery,0,17.07 cm (6.72 inch) Full HD Display,139.99,0
realme,"P3x 5G (Midnight Blue, 128 GB)",8 GB RAM | 128 GB ROM,8MP,50MP Rear Camera,6000 mAh Battery,0,17.07 cm (6.72 inch) Full HD Display,139.99,0
realme,"P3x 5G (Lunar Silver, 128 GB)",6 GB RAM | 128 GB ROM,8MP,50MP Rear Camera,6000 mAh Battery,0,17.07 cm (6.72 inch) Full HD Display,129.99,0
REDMI,"A4 (Sparkle Purple, 128 GB)",6 GB RAM | 128 GB ROM,5MP Dual,50MP + 50MP,5160 mAh Battery,0,17.48 cm (6.88 inch) Display,114.42,0
realme,"Narzo 80 Lite 5G (Onyx Black, 128 GB)",6 GB RAM | 128 GB ROM,,32MP Rear Camera,6000 mAh Battery,0,16.94 cm (6.67 inch) Display,125.9,0
Samsung,Guru Music 2 B310ED,32 MB RAM | 32 MB ROM | Expandable Upto 100 MB,0MP,0MP,800 mAh Battery,0,4.57 cm (1.8 inch) VGA Display,8.18,0
Nothing,"Phone (3a) Pro (Grey, 256 GB)",12 GB RAM | 256 GB ROM,50MP,50MP (Main) + 50MP (3X Periscope)+ 8MP (Ultra-Wide),5000 mAh Battery,0,43.66 cm (17.19 cm) Full HD+ Display,339.99,0
MOTOROLA,"Edge 60 Fusion 5G (PANTONE Slipstream, 256 GB)",12 GB RAM | 256 GB ROM | Expandable Upto 1 TB,32MP,50MP + 13MP,5500 mAh Battery,0,16.94 cm (6.67 inch) Display,249.99,0
POCO,"M7 5G (Ocean Blue, 128 GB)",8 GB RAM | 128 GB ROM | Expandable Upto 1 TB,8MP,50MP Rear Camera,5160 mAh Battery,0,17.48 cm (6.88 inch) HD+ Display,117.99000000000001,0
Apple,"iPhone 16 (Ultramarine, 128 GB)",128 GB ROM,12MP,48MP + 12MP,"A18 Chip, 6 Core Processor Processor",0,15.49 cm (6.1 inch) Super Retina XDR Display,649.0,0
vivo,"T4R 5G (Twilight Blue, 256 GB)",12 GB RAM | 256 GB ROM,32MP,50MP (OIS) + 2MP,5700 mAh Battery,0,17.2 cm (6.77 inch) Display,249.99,0
MOTOROLA,"g67 power 5G (Pantone Curacao Blue, 128 GB)",8 GB RAM | 128 GB ROM,32MP,50MP + 8MP,7000 mAh Battery,0,17.02 cm (6.7 inch) Full HD+ Display,159.99,0
Kechaoda,K112,32 MB RAM | 64 MB ROM | Expandable Upto 32 GB,0MP,0.3MP + 0MP,3600 mAh Battery,0,6.1 cm (2.4 inch) QVGA Display,16.4,0
OnePlus,"Nord CE5 5G (Black Infinity, 256 GB)",12 GB RAM | 256 GB ROM,,50MP Rear Camera,7100 mAh Battery,0,17.2 cm (6.77 inch) Display,314.99,0
Samsung,"Galaxy F70e 5G (Limelight Green, 128 GB)",4 GB RAM | 128 GB ROM | Expandable Upto 2 TB,8MP,50MP + 2MP,6000 mAh Li-ion Battery,0,17.12 cm (6.74 inch) HD+ Display,117.49000000000001,0
MOTOROLA,"G86 Power 5G (Pantone Cosmic Sky, 128 GB)",8 GB RAM | 128 GB ROM | Expandable Upto 1 TB,32MP,50MP + 8MP,6720 mAh Battery,0,17.02 cm (6.7 inch) Super HD Display,179.99,0
IQOO,"Z10R 5G (Aquamarine, 128 GB)",8 GB RAM | 128 GB ROM,,50MP Rear Camera,5700 mAh Battery,0,17.2 cm (6.77 inch) Display,203.39000000000001,0
MOTOROLA,Moto A300,4 MB RAM | 32 MB ROM | Expandable Upto 64 GB,0MP,1.3MP + 0MP,1000 mAh Battery,0,5.08 cm (2 inch) HVGA Display,13.290000000000001,0
OnePlus,"Nord CE5 5G (Black Infinity, 128 GB)",8 GB RAM | 128 GB ROM,,50MP Rear Camera,7100 mAh Battery,0,17.2 cm (6.77 inch) Display,253.16,0
realme,"Narzo 90x 5G (Nitro Blue, 128 GB)",8 GB RAM | 128 GB ROM,,50MP Rear Camera,7000 mAh Battery,0,17.27 cm (6.8 inch) Display,148.98,0
vivo,"T4 Lite 5G Charger in the Box (Titanium Gold, 64 GB)",4 GB RAM | 64 GB ROM | Expandable Upto 2 TB,5MP,50MP + 2MP,6000 mAh Battery,0,17.12 cm (6.74 inch) HD+ Display,109.99000000000001,0
vivo,"T4 Lite 5G Charger in the Box (Prism Blue, 64 GB)",4 GB RAM | 64 GB ROM | Expandable Upto 2 TB,5MP,50MP + 2MP,6000 mAh Battery,0,17.12 cm (6.74 inch) HD+ Display,109.99000000000001,0
realme,"P4 Power 5G (TransOrange, 256 GB)",8 GB RAM | 256 GB ROM,Yes,50MP + 8MP,10001 mAh Battery,0,17.27 cm (6.8 inch) Full HD+ AMOLED Display,279.99,0
realme,"P4 Power 5G (TransBlue, 256 GB)",8 GB RAM | 256 GB ROM,Yes,50MP + 8MP,10001 mAh Battery,0,17.27 cm (6.8 inch) Full HD+ AMOLED Display,279.99,0
realme,"P4 Power 5G (TransBlue, 128 GB)",8 GB RAM | 128 GB ROM,Yes,50MP + 8MP,10001 mAh Battery,0,17.27 cm (6.8 inch) Full HD+ AMOLED Display,259.99,0
Kechaoda,K112,32 MB RAM | 64 MB ROM | Expandable Upto 32 GB,0MP,0.3MP + 0MP,3600 mAh Battery,0,6.1 cm (2.4 inch) QVGA Display,16.4,0
REDMI,"A4 (Starry Black, 64 GB)",4 GB RAM | 64 GB ROM,,50MP Rear Camera,5160 mAh Battery,0,17.48 cm (6.88 inch) Display,104.37,0
POCO,"M7 5G (Satin Black, 128 GB)",6 GB RAM | 128 GB ROM | Expandable Upto 1 TB,8MP,50MP Rear Camera,5160 mAh Battery,0,17.48 cm (6.88 inch) HD+ Display,107.99000000000001,0
LAVA,A3 Torch,4 MB RAM | 32 MB ROM | Expandable Upto 32 GB,0MP,0.3MP + 0MP,1750 mAh Battery,0,4.57 cm (1.8 inch) HVGA Display,12.58,0
Micromax,X778,32 MB RAM | 32 MB ROM,,0.3MP Rear Camera,2700 mAh Battery,0,6.1 cm (2.4 inch) Display,13.82,0
Micromax,X778,32 MB RAM | 32 MB ROM,,0.3MP Rear Camera,2700 mAh Battery,0,6.1 cm (2.4 inch) Display,14.3,0
vivo,"T4 Pro 5G (Nitro Blue, 128 GB)",8 GB RAM | 128 GB ROM,32MP,50MP + 2MP + 50MP,6500 mAh Battery,0,17.2 cm (6.77 inch) Display,279.99,0
LAVA,A3 Torch,4 MB RAM | 32 MB ROM | Expandable Upto 32 GB,0MP,0.3MP + 0MP,1750 mAh Battery,0,4.57 cm (1.8 inch) HVGA Display,12.58,0
IQOO,"Z10R 5G (Moonstone, 256 GB)",8 GB RAM | 256 GB ROM,,50MP Rear Camera,5700 mAh Battery,0,17.2 cm (6.77 inch) Display,227.05,0
vivo,"T4 Pro 5G (Blaze Gold, 256 GB)",12 GB RAM | 256 GB ROM,32MP,50MP + 2MP + 50MP,6500 mAh Battery,0,17.2 cm (6.77 inch) Display,319.99,0
OPPO,"K14x 5G (Prism Violet, 128 GB)",4 GB RAM | 128 GB ROM,5MP; f/2.2; FOV 77°; 3P lens,50MP + 2MP,6500 mAh Battery,0,17.14 cm (6.75 inch) HD+ Display,149.99,0
Samsung,"Galaxy F70e 5G (Limelight Green, 128 GB)",4 GB RAM | 128 GB ROM | Expandable Upto 2 TB,8MP,50MP + 2MP,6000 mAh Li-ion Battery,0,17.12 cm (6.74 inch) HD+ Display,117.49000000000001,0
Ai+,"Pulse (Pink, 128 GB)",6 GB RAM | 128 GB ROM | Expandable Upto 1 TB,5MP,50MP Rear Camera,5000 mAh Battery,0,17.13 cm (6.745 inch) HD+ Display,74.99,0
itel,it5027 Slim Keypad Mobile | 2.4 inch Display| Type C Charging,4 MB RAM | 4 MB ROM,,0.3MP Rear Camera,1200 mAh Battery,0,6.1 cm (2.4 inch) Display,11.19,0
realme,"P4x 5G (Lake Green, 128 GB)",6 GB RAM | 128 GB ROM,8MP,50MP + 2MP,7000 mAh Battery,0,17.07 cm (6.72 inch) Full HD+ Display,164.99,0
MOTOROLA,"Edge 60 Pro (Pantone Shadow, 256 GB)",8 GB RAM | 256 GB ROM,50MP,50MP + 50MP + 10MP,6000 mAh Battery,0,17.02 cm (6.7 inch) Display,299.99,0
realme,"Narzo 90x 5G (Flash Blue, 128 GB)",8 GB RAM | 128 GB ROM,,50MP Rear Camera,7000 mAh Battery,0,17.27 cm (6.8 inch) Display,153.79,0
realme,"P3x 5G (Midnight Blue, 128 GB)",6 GB RAM | 128 GB ROM,8MP,50MP Rear Camera,6000 mAh Battery,0,17.07 cm (6.72 inch) Full HD Display,129.99,0
IQOO,"Z10R 5G (Moonstone, 256 GB)",12 GB RAM | 256 GB ROM,,50MP Rear Camera,5700 mAh Battery,0,17.2 cm (6.77 inch) Display,249.37,0
Tecno,"Spark Go 5G (Sky Blue, 128 GB)",4 GB RAM | 128 GB ROM | Expandable Upto 1 TB,5MP,50MP Rear Camera,6000 mAh Battery,0,17.12 cm (6.74 inch) Display,109.99000000000001,0
Tecno,"Spark Go 5G (Bikaner Red, 128 GB)",4 GB RAM | 128 GB ROM | Expandable Upto 1 TB,5MP,50MP Rear Camera,6000 mAh Battery,0,17.12 cm (6.74 inch) Display,109.99000000000001,0
POCO,"C75 5G (Enchanted Green, 128 GB)",4 GB RAM | 128 GB ROM | Expandable Upto 1 TB,5MP,50MP Rear Camera,5160 mAh Battery,0,17.48 cm (6.88 inch) HD+ Display,94.99,0
realme,"P4 Power 5G (TransSilver, 256 GB)",12 GB RAM | 256 GB ROM,Yes,50MP + 8MP,10001 mAh Battery,0,17.27 cm (6.8 inch) Full HD+ AMOLED Display,309.99,0
IQOO,"Z10X 5G (Ultramarine, 128 GB)",8 GB RAM | 128 GB ROM,,50MP Rear Camera,6500 mAh Battery,0,17.02 cm (6.7 inch) Display,163.49,0
realme,"P4 Power 5G (TransSilver, 256 GB)",8 GB RAM | 256 GB ROM,Yes,50MP + 8MP,10001 mAh Battery,0,17.27 cm (6.8 inch) Full HD+ AMOLED Display,279.99,0
realme,"P4 Power 5G (TransSilver, 128 GB)",8 GB RAM | 128 GB ROM,Yes,50MP + 8MP,10001 mAh Battery,0,17.27 cm (6.8 inch) Full HD+ AMOLED Display,259.99,0
Acer,"Super ZX 5G (Carbon Black, 128 GB)",8 GB RAM | 128 GB ROM,,64MP Rear Camera,5000 mAh Battery,0,17.02 cm (6.7 inch) Display,106.99000000000001,0
itel,Power 450 | 2.4 inch Big Display | 2500 mAh Battery | Type C Charging,32 MB RAM | 32 MB ROM | Expandable Upto 32 GB,,0.8MP Rear Camera,2500 mAh Battery,0,6.1 cm (2.4 inch) Display,14.49,0
HOTLINE,V63,32 MB RAM | 32 MB ROM,,1MP Rear Camera,1000 mAh Battery,0,4.57 cm (1.8 inch) Display,4.53,0
Kechaoda,A27,32 MB RAM | 32 MB ROM | Expandable Upto 16 GB,,800 mAh Battery,Processor clock: 400 MHz Processor,0,1.68 cm (0.66 inch) Display,8.99,0
Ai+,"Pulse (Green, 64 GB)",4 GB RAM | 64 GB ROM | Expandable Upto 1 TB,5MP,50MP Rear Camera,5000 mAh Battery,0,17.13 cm (6.745 inch) HD+ Display,69.99,0
OPPO,"K14x 5G (Prism Violet, 128 GB)",4 GB RAM | 128 GB ROM,5MP; f/2.2; FOV 77°; 3P lens,50MP + 2MP,6500 mAh Battery,0,17.14 cm (6.75 inch) HD+ Display,149.99,0
LAVA,A1 Josh BOL,4 MB RAM | 4 MB ROM | Expandable Upto 32 GB,0MP,0MP,1000 mAh Battery,0,5.08 cm (2 inch) Quarter QVGA Display,10.28,0
Samsung,"Galaxy F70e 5G (Limelight Green, 128 GB)",4 GB RAM | 128 GB ROM | Expandable Upto 2 TB,8MP,50MP + 2MP,6000 mAh Li-ion Battery,0,17.12 cm (6.74 inch) HD+ Display,117.49000000000001,0
LAVA,A1 Josh BOL,4 MB RAM | 4 MB ROM | Expandable Upto 32 GB,0MP,0MP,1000 mAh Battery,0,5.08 cm (2 inch) Quarter QVGA Display,10.28,0
Samsung,"Galaxy S24 5G Snapdragon (Onyx Black, 256 GB)",8 GB RAM | 256 GB ROM,12MP,50MP + 12MP,4000 mAh Battery,0,15.75 cm (6.2 inch) Full HD+ Display,479.99,0
MOTOROLA,"g35 5G (Guava Red, 128 GB)",4 GB RAM | 128 GB ROM | Expandable Upto 1 TB,16MP,50MP + 8MP,5000 mAh Battery,0,17.07 cm (6.72 inch) Full HD+ Display,119.99000000000001,0
itel,Power 450 | 2.4 inch Big Display | 2500 mAh Battery | Type C Charging,32 MB RAM | 32 MB ROM | Expandable Upto 32 GB,,0.8MP Rear Camera,2500 mAh Battery,0,6.1 cm (2.4 inch) Display,14.74,0
IQOO,"Z10 Lite 5G (Cyber Green, 128 GB)",6 GB RAM | 128 GB ROM,,50MP Rear Camera,6000 mAh Battery,0,17.12 cm (6.74 inch) Display,132.74,0
Nokia,"105 Single SIM, Keypad Mobile Phone with Wireless FM Radio",32 MB RAM | 32 MB ROM,,0MP Front Camera,800 mAh Lithium Ion Battery,0,4.5 cm (1.77 inch) QVGA Display,13.1,0
Ai+,"Pulse (Purple, 64 GB)",4 GB RAM | 64 GB ROM | Expandable Upto 1 TB,5MP,50MP Rear Camera,5000 mAh Battery,0,17.13 cm (6.745 inch) HD+ Display,69.99,0
Nokia,"106 Single Sim Keypad Phone with Built-in UPI App, MP3 Player",32 MB RAM | 32 MB ROM,,1000 mAh Battery,SC6531E Processor,0,17.02 cm (6.7 inch) Display,11.49,0
Samsung,"Galaxy S24 5G Snapdragon (Marble Gray, 256 GB)",8 GB RAM | 256 GB ROM,12MP,50MP + 12MP,4000 mAh Battery,0,15.75 cm (6.2 inch) Full HD+ Display,479.99,0
Samsung,"Galaxy F16 5G (Bling Black, 128 GB)",8 GB RAM | 128 GB ROM,13MP,50MP + 5MP + 2MP,5000 mAh Battery,0,16.91 cm (6.657 inch) Full HD+ Display,154.99,0
Nokia,All-New 105 Single Sim Keypad Phone with Built-in UPI Payments,32 MB RAM | 32 MB ROM,0MP,0MP,1000 mAh Battery,0,4.5 cm (1.77 inch) Display,12.59,0
OnePlus,"Nord CE5 5G (Nexus Blue, 128 GB)",8 GB RAM | 128 GB ROM,,50MP Rear Camera,7100 mAh Battery,0,17.2 cm (6.77 inch) Display,254.70000000000002,0
POCO,"C71 (Desert Gold, 128 GB)",6 GB RAM | 128 GB ROM | Expandable Upto 2 TB,8MP,32MP Rear Camera,5200 mAh Battery,0,17.48 cm (6.88 inch) HD+ Display,87.99,0
Nokia,All-New 105 Single Sim Keypad Phone with Built-in UPI Payments,32 MB RAM | 32 MB ROM,0MP,0MP,1000 mAh Battery,0,4.5 cm (1.77 inch) Display,12.59,0
realme,"C61 (Marble Black, 64 GB)",4 GB RAM | 64 GB ROM | Expandable Upto 2 TB,5MP,32MP Rear Camera,5000 mAh Battery,0,17.13 cm (6.745 inch) HD+ Display,72.49,0
realme,"P3x 5G (Stellar Pink, 128 GB)",6 GB RAM | 128 GB ROM,8MP,50MP Rear Camera,6000 mAh Battery,0,17.07 cm (6.72 inch) Full HD Display,129.99,0
MOTOROLA,"g35 5G (Leaf Green, 128 GB)",4 GB RAM | 128 GB ROM | Expandable Upto 1 TB,16MP,50MP + 8MP,5000 mAh Battery,0,17.07 cm (6.72 inch) Full HD+ Display,119.99000000000001,0
Samsung,"Galaxy F70e 5G (Limelight Green, 128 GB)",4 GB RAM | 128 GB ROM | Expandable Upto 2 TB,8MP,50MP + 2MP,6000 mAh Li-ion Battery,0,17.12 cm (6.74 inch) HD+ Display,117.49000000000001,0
Ai+,"Pulse (Purple, 128 GB)",6 GB RAM | 128 GB ROM | Expandable Upto 1 TB,5MP,50MP Rear Camera,5000 mAh Battery,0,17.13 cm (6.745 inch) HD+ Display,74.99,0
POCO,"M7 5G (Ocean Blue, 128 GB)",6 GB RAM | 128 GB ROM | Expandable Upto 1 TB,8MP,50MP Rear Camera,5160 mAh Battery,0,17.48 cm (6.88 inch) HD+ Display,107.99000000000001,0
realme,"P4x 5G (Lake Green, 128 GB)",6 GB RAM | 128 GB ROM,8MP,50MP + 2MP,7000 mAh Battery,0,17.07 cm (6.72 inch) Full HD+ Display,164.99,0
MOTOROLA,"Edge 60 Pro (Pantone Sparkling Grape, 256 GB)",12 GB RAM | 256 GB ROM,50MP,50MP + 50MP + 10MP,6000 mAh Battery,0,17.02 cm (6.7 inch) Display,339.99,0
Motorola,"G85 5G (Viva Magenta, 128 GB)",8 GB RAM | 128 GB ROM,32MP,50MP + 8MP,5000 mAh Battery,0,16.94 cm (6.67 inch) Full HD+ Display,159.99,0
POCO,"M7 Plus 5G (Chrome Silver, 128 GB)",8 GB RAM | 128 GB ROM | Expandable Upto 2 TB,,50MP AI Dual Camera,7000 mAh Battery,0,17.53 cm (6.9 inch) Display,149.99,0
realme,"P3 Lite 5G (Onyx Black, 128 GB)",6 GB RAM | 128 GB ROM | Expandable Upto 2 TB,8MP,32MP Rear Camera,6000 mAh Battery,0,16.94 cm (6.67 inch) Display,129.99,0
realme,"P3 Lite 5G (Jade Green, 128 GB)",6 GB RAM | 128 GB ROM | Expandable Upto 2 TB,8MP,32MP Rear Camera,6000 mAh Battery,0,16.94 cm (6.67 inch) Display,129.99,0
realme,"P3 Lite 5G (Onyx Black, 128 GB)",4 GB RAM | 128 GB ROM | Expandable Upto 2 TB,8MP,32MP Rear Camera,6000 mAh Battery,0,16.94 cm (6.67 inch) Display,119.99000000000001,0
REDMI,"A4 (Starry Black, 128 GB)",4 GB RAM | 128 GB ROM,,50MP Rear Camera,5160 mAh Battery,0,17.48 cm (6.88 inch) Display,104.25,0
Samsung,"Galaxy S24 5G Snapdragon (Onyx Black, 128 GB)",8 GB RAM | 128 GB ROM,12MP,50MP + 12MP,4000 mAh Battery,0,15.75 cm (6.2 inch) Full HD+ Display,429.99,0
Infinix,"Note 50s 5G+ (Titanium Grey, 128 GB)",6 GB RAM | 128 GB ROM,13MP,64MP + 2MP,5500 mAh Battery,0,17.22 cm (6.78 inch) Full HD+ Display,179.99,0
realme,"Narzo 80 Lite 4G (Beach Gold, 128 GB)",6 GB RAM | 128 GB ROM,,32MP Rear Camera,6300 mAh Battery,0,17.12 cm (6.74 inch) HD+ Display,94.99,0
LAVA,A1 Josh BOL,4 MB RAM | 4 MB ROM | Expandable Upto 32 GB,,1000 mAh Battery,1 Year Manufacturer Replacement Guarantee for Phone and 6 months Replacement for Accessories in the Box,0,4.5 cm (1.77 inch) Quarter QVGA Display,9.66,0
IQOO,"Z10 Lite 5G (Cyber Green, 256 GB)",8 GB RAM | 256 GB ROM,,50MP Rear Camera,6000 mAh Battery,0,17.12 cm (6.74 inch) Display,161.75,0
Google,"Pixel 9A (Iris, 256 GB)",8 GB RAM | 256 GB ROM,12MP,48MP + 12MP,5100 mAh Battery,0,15.96 cm (6.285 inch) Full HD+ Display,399.99,0
Kechaoda,A-0026 black,32 MB RAM | 32 MB ROM | Expandable Upto 32 GB,,800 mAh Battery,NA Processor,0,1.68 cm (0.66 inch) NA Display,8.99,0
KARBONN,K9,32 MB RAM | 32 MB ROM | Expandable Upto 32 GB,0MP,2MP + 0MP,1800 mAh Battery,0,6.1 cm (2.4 inch) FWVGA Display,12.99,0
MOTOROLA,"Edge 60 Fusion 5G (PANTONE Amazonite, 256 GB)",12 GB RAM | 256 GB ROM | Expandable Upto 1 TB,32MP,50MP + 13MP,5500 mAh Battery,0,16.94 cm (6.67 inch) Display,249.99,0
realme,"C61 (Safari Green, 128 GB)",6 GB RAM | 128 GB ROM | Expandable Upto 2 TB,5MP,32MP Rear Camera,5000 mAh Battery,0,17.13 cm (6.745 inch) HD+ Display,81.99,0
Samsung,"Galaxy F70e 5G (Limelight Green, 128 GB)",4 GB RAM | 128 GB ROM | Expandable Upto 2 TB,8MP,50MP + 2MP,6000 mAh Li-ion Battery,0,17.12 cm (6.74 inch) HD+ Display,117.49000000000001,0
realme,"Narzo 80 Lite 4G (Obsidian Black, 64 GB)",4 GB RAM | 64 GB ROM,,32MP Rear Camera,6300 mAh Battery,0,17.12 cm (6.74 inch) HD+ Display,84.81,0
Samsung,Guru 1200,4 MB RAM | 10 MB ROM,,800 mAh Battery,,0,3.86 cm (1.52 inch) Display,7.75,0
realme,"P4x 5G (Lake Green, 128 GB)",6 GB RAM | 128 GB ROM,8MP,50MP + 2MP,7000 mAh Battery,0,17.07 cm (6.72 inch) Full HD+ Display,164.99,0
POCO,"C85 5G (Power Black, 128 GB)",6 GB RAM | 128 GB ROM | Expandable Upto 1 TB,8MP,50MP Rear Camera,6000 mAh Lithium-Ion Polymer Battery,0,17.53 cm (6.9 inch) HD+ Display,119.99000000000001,0
Apple,"iPhone 17 Pro (Cosmic Orange, 256 GB)",256 GB ROM,18MP,48MP + 48MP + 48MP,"A19 Chip, 6 Core Processor Processor",0,16.0 cm (6.3 inch) Super Retina XDR Display,1349.0,0
Samsung,"Galaxy M07 (Black, 64 GB)",4 GB RAM | 64 GB ROM | Expandable Upto 2 TB,8MP,50MP + 2MP,5000 mAh Battery,0,17.02 cm (6.7 inch) HD+ Display,78.77,0
REDMI,"Note 14 SE 5G (Mystique White, 128 GB)",6 GB RAM | 128 GB ROM,20MP,50MP + 8MP + 2MP,5110 mAh Battery,0,16.94 cm (6.67 inch) Full HD+ Display,139.99,0
Samsung,"Galaxy A35 5G (Awesome Iceblue, 128 GB)",8 GB RAM | 128 GB ROM | Expandable Upto 1 TB,13MP,50MP + 8MP + 5MP,5000 mAh Battery,0,16.76 cm (6.6 inch) Full HD+ Display,199.99,0
itel,it5262,4 MB RAM | 4 MB ROM | Expandable Upto 32 GB,,0.8MP Rear Camera,2000 mAh Battery,0,6.1 cm (2.4 inch) Display,13.780000000000001,0
realme,"P3 Lite 5G (Jade Green, 128 GB)",4 GB RAM | 128 GB ROM | Expandable Upto 2 TB,8MP,32MP Rear Camera,6000 mAh Battery,0,16.94 cm (6.67 inch) Display,119.99000000000001,0
Apple,"iPhone 15 (Pink, 128 GB)",128 GB ROM,12MP,48MP + 12MP,"A16 Bionic Chip, 6 Core Processor Processor",0,15.49 cm (6.1 inch) Super Retina XDR Display,549.0,0
itel,it5262,4 MB RAM | 4 MB ROM | Expandable Upto 32 GB,,0.8MP Rear Camera,2000 mAh Battery,0,6.1 cm (2.4 inch) Display,13.74,0
Ai+,"Pulse (Black, 64 GB)",4 GB RAM | 64 GB ROM | Expandable Upto 1 TB,5MP,50MP Rear Camera,5000 mAh Battery,0,17.13 cm (6.745 inch) HD+ Display,69.99,0
POCO,"M7 5G (Mint Green, 128 GB)",8 GB RAM | 128 GB ROM | Expandable Upto 1 TB,8MP,50MP Rear Camera,5160 mAh Battery,0,17.48 cm (6.88 inch) HD+ Display,117.99000000000001,0
realme,"Narzo 80 Lite 5G (Crystal Purple, 128 GB)",6 GB RAM | 128 GB ROM,,32MP Rear Camera,6000 mAh Battery,0,16.94 cm (6.67 inch) Display,126.72,0
Ai+,"Pulse (Green, 128 GB)",6 GB RAM | 128 GB ROM | Expandable Upto 1 TB,5MP,50MP Rear Camera,5000 mAh Battery,0,17.13 cm (6.745 inch) HD+ Display,74.99,0
Samsung,"Galaxy A55 5G (Awesome Navy, 256 GB)",8 GB RAM | 256 GB ROM | Expandable Upto 1 TB,32MP,50MP + 12MP + 5MP,5000 mAh Battery,0,16.76 cm (6.6 inch) Full HD+ Display,369.99,0
realme,"NARZO 80 Pro 5G (Nitro Orange, 256 GB)",12 GB RAM | 256 GB ROM,,50MP Rear Camera,6000 mAh Battery,0,17.02 cm (6.7 inch) Display,279.99,0
MOTOROLA,"Edge 60 Fusion 5G (PANTONE Zephyr, 256 GB)",8 GB RAM | 256 GB ROM | Expandable Upto 1 TB,32MP,50MP + 13MP,5500 mAh Battery,0,16.94 cm (6.67 inch) Display,229.99,0
Tecno,"Spark Go 5G (Ink Black, 128 GB)",4 GB RAM | 128 GB ROM | Expandable Upto 1 TB,5MP,50MP Rear Camera,6000 mAh Battery,0,17.12 cm (6.74 inch) Display,109.99000000000001,0
POCO,"M7 Pro 5G (Lavender Frost, 256 GB)",8 GB RAM | 256 GB ROM,20MP,50MP + 2MP,5110 mAh Battery,0,16.94 cm (6.67 inch) Full HD+ Display,154.99,0
Samsung,"Galaxy F70e 5G (Limelight Green, 128 GB)",4 GB RAM | 128 GB ROM | Expandable Upto 2 TB,8MP,50MP + 2MP,6000 mAh Li-ion Battery,0,17.12 cm (6.74 inch) HD+ Display,117.49000000000001,0
realme,"P4x 5G (Lake Green, 128 GB)",6 GB RAM | 128 GB ROM,8MP,50MP + 2MP,7000 mAh Battery,0,17.07 cm (6.72 inch) Full HD+ Display,164.99,0
itel,it5262,4 MB RAM | 4 MB ROM | Expandable Upto 32 GB,,0.8MP Rear Camera,2000 mAh Battery,0,6.1 cm (2.4 inch) Display,14.040000000000001,0
Samsung,"Galaxy S24 5G Snapdragon (Cobalt Violet, 128 GB)",8 GB RAM | 128 GB ROM,12MP,50MP + 12MP,4000 mAh Battery,0,15.75 cm (6.2 inch) Full HD+ Display,429.99,0
Infinix,"Note 50s 5G+ (Marine Drift, 128 GB)",6 GB RAM | 128 GB ROM,13MP,64MP + 2MP,5500 mAh Battery,0,17.22 cm (6.78 inch) Full HD+ Display,179.99,0
Rhythm,F220,512 MB RAM | 4 GB ROM,,0.5MP Rear Camera,1500 mAh Battery,0,6.1 cm (2.4 inch) Display,10.0,0
Kechaoda,A26,32 MB RAM | 32 MB ROM | Expandable Upto 16 GB,,800 mAh Battery,3 Months Company Warranty,0,1.68 cm (0.66 inch) FWVGA Display,8.99,0
vivo,"X200T (Stellar Black, 512 GB)",12 GB RAM | 512 GB ROM,32MP,50MP + 50MP + 50MP,6200 mAh Battery,0,16.94 cm (6.67 inch) Full HD+ AMOLED Display,699.99,0
vivo,"X200T (Seaside Lilac, 512 GB)",12 GB RAM | 512 GB ROM,32MP,50MP + 50MP + 50MP,6200 mAh Battery,0,16.94 cm (6.67 inch) Full HD+ AMOLED Display,699.99,0
vivo,"X200T (Seaside Lilac, 256 GB)",12 GB RAM | 256 GB ROM,32MP,50MP + 50MP + 50MP,6200 mAh Battery,0,16.94 cm (6.67 inch) Full HD+ AMOLED Display,599.99,0
Samsung,"Galaxy F36 5G (Black, 128 GB)",6 GB RAM | 128 GB ROM | Expandable Upto 2 TB,13MP,50MP + 8MP + 2MP,5000 mAh Battery,0,17.02 cm (6.7 inch) Full HD+ Display,159.99,0
REDMI,"A4 (Starry Black, 128 GB)",6 GB RAM | 128 GB ROM,5MP Dual,50MP + 50MP,5160 mAh Battery,0,17.48 cm (6.88 inch) Display,113.98,0
OnePlus,"Nord CE5 5G (Nexus Blue, 256 GB)",12 GB RAM | 256 GB ROM,,50MP Rear Camera,7100 mAh Battery,0,17.2 cm (6.77 inch) Display,258.98,0
REDMI,"15 5G (Midnight Black, 256 GB)",8 GB RAM | 256 GB ROM,,50MP Rear Camera,7000 mAh Battery,0,17.53 cm (6.9 inch) Display,178.35,0
OPPO,"Reno15c 5G (Twilight Blue, 256 GB)",12 GB RAM | 256 GB ROM,Yes,50MP + 8MP + 2MP,7000 mAh Battery,0,16.69 cm (6.57 inch) Full HD+ Display,379.99,0
OnePlus,"Nord CE5 5G (Marble Mist, 256 GB)",12 GB RAM | 256 GB ROM,,50MP Rear Camera,7100 mAh Battery,0,17.2 cm (6.77 inch) Display,265.0,0
realme,"Narzo 90x 5G (Nitro Blue, 128 GB)",6 GB RAM | 128 GB ROM,,50MP Rear Camera,7000 mAh Battery,0,17.27 cm (6.8 inch) Display,137.29,0
Ai+,"Nova 5G (Purple, 128 GB)",6 GB RAM | 128 GB ROM | Expandable Upto 1 TB,5MP,50MP Rear Camera,5000 mAh Battery,0,17.13 cm (6.745 inch) HD+ Display,89.99,0
MOTOROLA,"G96 5G (Pantone Ashleigh Blue, 256 GB)",8 GB RAM | 256 GB ROM,32MP,50MP + 8MP,5500 mAh Battery,0,16.94 cm (6.67 inch) Full HD+ Display,189.99,0
POCO,"F7 5G (Frost White, 512 GB)",12 GB RAM | 512 GB ROM,20MP,50MP Rear Camera,7550 mAh Li-Polymer + Silicon Carbon Battery,0,17.35 cm (6.83 inch) Display,359.99,0
Ai+,"Nova 5G (Black, 128 GB)",6 GB RAM | 128 GB ROM | Expandable Upto 1 TB,5MP,50MP Rear Camera,5000 mAh Battery,0,17.13 cm (6.745 inch) HD+ Display,89.99,0
OPPO,"K14x 5G (Prism Violet, 128 GB)",4 GB RAM | 128 GB ROM,5MP; f/2.2; FOV 77°; 3P lens,50MP + 2MP,6500 mAh Battery,0,17.14 cm (6.75 inch) HD+ Display,149.99,0
Samsung,"Galaxy F70e 5G (Limelight Green, 128 GB)",4 GB RAM | 128 GB ROM | Expandable Upto 2 TB,8MP,50MP + 2MP,6000 mAh Li-ion Battery,0,17.12 cm (6.74 inch) HD+ Display,117.49000000000001,0
POCO,"C71 (Power Black, 128 GB)",6 GB RAM | 128 GB ROM | Expandable Upto 2 TB,8MP,32MP Rear Camera,5200 mAh Battery,0,17.48 cm (6.88 inch) HD+ Display,87.99,0
Samsung,Guru Music 2 B310ED,32 MB RAM | 32 MB ROM | Expandable Upto 100 MB,0MP,0MP,800 mAh Battery,0,4.57 cm (1.8 inch) VGA Display,9.67,0
realme,"P4x 5G (Lake Green, 128 GB)",6 GB RAM | 128 GB ROM,8MP,50MP + 2MP,7000 mAh Battery,0,17.07 cm (6.72 inch) Full HD+ Display,164.99,0
I,"Kall Z10 Plus Smartphone- 6.53inch HD Display with 5000mAh Battery, 20MP Rear Camera (Orange, 64 GB)",4 GB RAM | 64 GB ROM | Expandable Upto 64 GB,8MP,20MP Rear Camera,5000 mAh Battery,0,16.59 cm (6.53 inch) Display,66.99,0
Motorola,"G85 5G (Olive Green, 128 GB)",8 GB RAM | 128 GB ROM,32MP,50MP + 8MP,5000 mAh Battery,0,16.94 cm (6.67 inch) Full HD+ Display,159.99,0
MOTOROLA,"Edge 60 Fusion 5G (PANTONE Slipstream, 128 GB)",8 GB RAM | 128 GB ROM | Expandable Upto 1 TB,32MP,50MP + 13MP,5500 mAh Battery,0,16.94 cm (6.67 inch) Display,209.99,0
HOTLINE,Amaze H312,32 MB RAM | 64 MB ROM,,2MP Rear Camera,1050 mAh Battery,0,4.57 cm (1.8 inch) Display,4.83,0
Nokia,"105 Classic Single Sim Keypad Phone, Charger in-Box",32 MB RAM | 32 MB ROM,,0MP Front Camera,800 mAh Battery,0,4.5 cm (1.77 inch) Display,11.790000000000001,0
MOTOROLA,"Edge 60 Fusion 5G (PANTONE Amazonite, 128 GB)",8 GB RAM | 128 GB ROM | Expandable Upto 1 TB,32MP,50MP + 13MP,5500 mAh Battery,0,16.94 cm (6.67 inch) Display,209.99,0
realme,"NARZO 80 Pro 5G (Nitro Orange, 256 GB)",8 GB RAM | 256 GB ROM,,50MP Rear Camera,6000 mAh Battery,0,17.02 cm (6.7 inch) Display,197.3,0
MOTOROLA,"G96 5G (Pantone Cattleya Orchid, 256 GB)",8 GB RAM | 256 GB ROM,32MP,50MP + 8MP,5500 mAh Battery,0,16.94 cm (6.67 inch) Full HD+ Display,189.99,0
OPPO,"K13x 5G 6000mAh and 45W SUPERVOOC Charger & AI (Midnight Violet, 128 GB)",6 GB RAM | 128 GB ROM | Expandable Upto 2 TB,8MP,50MP + 2MP,6000 mAh Battery,0,16.94 cm (6.67 inch) HD+ Display,169.99,0
OPPO,"K13x 5G 6000mAh and 45W SUPERVOOC Charger & AI (Mist White, 128 GB)",6 GB RAM | 128 GB ROM | Expandable Upto 2 TB,8MP,50MP + 2MP,6000 mAh Battery,0,16.94 cm (6.67 inch) HD+ Display,169.99,0
OPPO,"K13x 5G 6000mAh and 45W SUPERVOOC Charger & AI (Breeze Blue, 128 GB)",6 GB RAM | 128 GB ROM | Expandable Upto 2 TB,8MP,50MP + 2MP,6000 mAh Battery,0,16.94 cm (6.67 inch) HD+ Display,169.99,0
realme,"C61 (Marble Black, 128 GB)",4 GB RAM | 128 GB ROM | Expandable Upto 2 TB,5MP,32MP Rear Camera,5000 mAh Battery,0,17.13 cm (6.745 inch) HD+ Display,84.99,0
Samsung,"M06 5G (Blazing Black, 128 GB)",4 GB RAM | 128 GB ROM,,50MP Rear Camera,5000 mAh Battery,0,17.02 cm (6.7 inch) Display,102.99000000000001,0
Samsung,"Galaxy S25 Plus 5G (Silver Shadow, 256 GB)",12 GB RAM | 256 GB ROM,12MP,50MP + 10MP + 12MP,4900 mAh Battery,0,17.02 cm (6.7 inch) Quad HD+ Display,749.99,0
realme,"P3x 5G (Stellar Pink, 128 GB)",8 GB RAM | 128 GB ROM,8MP,50MP Rear Camera,6000 mAh Battery,0,17.07 cm (6.72 inch) Full HD Display,139.99,0
Samsung,"M06 5G (Blazing Black, 128 GB)",6 GB RAM | 128 GB ROM,,50MP Rear Camera,5000 mAh Battery,0,17.02 cm (6.7 inch) Display,122.3,0
OPPO,"K14x 5G (Prism Violet, 128 GB)",4 GB RAM | 128 GB ROM,5MP; f/2.2; FOV 77°; 3P lens,50MP + 2MP,6500 mAh Battery,0,17.14 cm (6.75 inch) HD+ Display,149.99,0
realme,"C61 (Safari Green, 64 GB)",4 GB RAM | 64 GB ROM | Expandable Upto 2 TB,5MP,32MP Rear Camera,5000 mAh Battery,0,17.13 cm (6.745 inch) HD+ Display,72.49,0
Samsung,"Galaxy F70e 5G (Limelight Green, 128 GB)",4 GB RAM | 128 GB ROM | Expandable Upto 2 TB,8MP,50MP + 2MP,6000 mAh Li-ion Battery,0,17.12 cm (6.74 inch) HD+ Display,117.49000000000001,0
vivo,"X200T (Stellar Black, 256 GB)",12 GB RAM | 256 GB ROM,32MP,50MP + 50MP + 50MP,6200 mAh Battery,0,16.94 cm (6.67 inch) Full HD+ AMOLED Display,599.99,0
IQOO,"Z10 5G (Stellar Black / Black, 128 GB)",8 GB RAM | 128 GB ROM,,50MP Rear Camera,7300 mAh Battery,0,17.02 cm (6.7 inch) Display,217.18,0
itel,it5027 Slim Keypad Mobile | 2.4 inch Display| Type C Charging,4 MB RAM | 4 MB ROM,,0.3MP Rear Camera,1200 mAh Battery,0,6.1 cm (2.4 inch) Display,11.59,0
OPPO,"Reno15c 5G (Afterglow Pink, 256 GB)",8 GB RAM | 256 GB ROM,Yes,50MP + 8MP + 2MP,7000 mAh Battery,0,16.69 cm (6.57 inch) Full HD+ Display,349.99,0
Samsung,Metro SM-313,4 MB RAM | 16 GB ROM | Expandable Upto 16 GB,,0.3MP Rear Camera,1000 mAh Battery,0,5.08 cm (2 inch) QVGA Display,12.36,0
realme,"Narzo 80 Lite 5G (Onyx Black, 128 GB)",4 GB RAM | 128 GB ROM,,32MP Rear Camera,6000 mAh Battery,0,16.94 cm (6.67 inch) Display,113.3,0
IQOO,"Z10R 5G (Aquamarine, 256 GB)",8 GB RAM | 256 GB ROM,,50MP Rear Camera,5700 mAh Battery,0,17.2 cm (6.77 inch) Display,221.28,0
Samsung,"M06 5G (Sage Green, 128 GB)",6 GB RAM | 128 GB ROM,,50MP Rear Camera,5000 mAh Battery,0,17.02 cm (6.7 inch) Display,124.9,0
REDMI,"14C 5G (Stargaze Black, 128 GB)",6 GB RAM | 128 GB ROM | Expandable Upto 1 TB,8MP,50MP Rear Camera,5160 mAh Battery,0,17.48 cm (6.88 inch) HD+ Display,119.99000000000001,0
Infinix,"Note 50s 5G+ (Burgundy Red, 128 GB)",6 GB RAM | 128 GB ROM,13MP,64MP + 2MP,5500 mAh Battery,0,17.22 cm (6.78 inch) Full HD+ Display,179.99,0
Kechaoda,K115,32 MB RAM | 32 MB ROM | Expandable Upto 16 GB,0MP,0.3MP + 0MP,850 mAh Battery,0,3.66 cm (1.44 inch) QVGA Display,9.99,0
IQOO,"Z10R 5G (Aquamarine, 256 GB)",12 GB RAM | 256 GB ROM,,50MP Rear Camera,5700 mAh Battery,0,17.2 cm (6.77 inch) Display,245.5,0
OPPO,"K13x 5G 6000mAh and 45W SUPERVOOC Charger & AI (Sunset Peach, 128 GB)",6 GB RAM | 128 GB ROM | Expandable Upto 2 TB,8MP,50MP + 2MP,6000 mAh Battery,0,16.94 cm (6.67 inch) HD+ Display,169.99,0
LAVA,Gem 2025,4 MB RAM | 32 GB ROM | Expandable Upto 32 GB,0MP,0.3MP + 0MP,2575 mAh Battery,0,7.11 cm (2.8 inch) HVGA Display,16.77,0
Samsung,"Galaxy M17 5G (Moonlight Silver, 128 GB)",8 GB RAM | 128 GB ROM,,50MP Rear Camera,5000 mAh Battery,0,17.02 cm (6.7 inch) Display,167.73,0
IQOO,"Z10 5G (Glacier Silver / Silver, 128 GB)",8 GB RAM | 128 GB ROM,,50MP Rear Camera,7300 mAh Battery,0,17.02 cm (6.7 inch) Display,215.26,0
IQOO,"Neo 10 (Titanium Chrome, 256 GB)",12 GB RAM | 256 GB ROM,32MP + 32MP Dual,50MP + 50MP + 8MP,7000 mAh Battery,0,17.22 cm (6.78 inch) Full HD+ E3 Super AMOLED Display,408.3,0
Samsung,"Galaxy F70e 5G (Limelight Green, 128 GB)",4 GB RAM | 128 GB ROM | Expandable Upto 2 TB,8MP,50MP + 2MP,6000 mAh Li-ion Battery,0,17.12 cm (6.74 inch) HD+ Display,117.49000000000001,0
IQOO,"Z10R 5G (Aquamarine, 256 GB)",8 GB RAM | 256 GB ROM,,50MP Rear Camera,5700 mAh Battery,0,17.2 cm (6.77 inch) Display,221.28,0
Kechaoda,K115,32 MB RAM | 32 MB ROM | Expandable Upto 32 GB,0MP,0.3MP + 0.5MP,850 mAh Battery,0,3.66 cm (1.44 inch) QVGA Display,9.99,0
realme,"P4x 5G (Lake Green, 128 GB)",6 GB RAM | 128 GB ROM,8MP,50MP + 2MP,7000 mAh Battery,0,17.07 cm (6.72 inch) Full HD+ Display,164.99,0
POCO,"M8 (Carbon Black, 256 GB)",8 GB RAM | 256 GB ROM | Expandable Upto 1 TB,20MP,50MP Rear Camera,5520 mAh Battery,0,17.2 cm (6.77 inch) Full HD+ Display,209.99,0
IQOO,"Neo 10 (Inferno Red, 256 GB)",8 GB RAM | 256 GB ROM,32MP + 32MP Dual,50MP + 50MP + 8MP,7000 mAh Battery,0,17.22 cm (6.78 inch) Full HD+ E3 Super AMOLED Display,377.7,0
REDMI,"13 5G (Hawaiian Blue, 128 GB)",8 GB RAM | 128 GB ROM,,108MP Rear Camera,5030 mAh Battery,0,17.25 cm (6.79 inch) Display,143.43,0
IQOO,"Z10 5G (Stellar Black / Black, 128 GB)",8 GB RAM | 128 GB ROM,,50MP Rear Camera,7300 mAh Battery,0,17.02 cm (6.7 inch) Display,217.18,0
realme,"C71 (Obsidian Black, 64 GB)",4 GB RAM | 64 GB ROM | Expandable Upto 2 TB,5MP,13MP Rear Camera,6300 mAh Battery,0,17.14 cm (6.75 inch) HD+ Display,84.14,0
Kechaoda,K115,32 MB RAM | 32 MB ROM,,0.3MP Rear Camera,850 mAh Battery,0,3.66 cm (1.44 inch) QVGA Display,9.99,0
Samsung,"Galaxy F36 5G (Violet, 128 GB)",6 GB RAM | 128 GB ROM | Expandable Upto 2 TB,13MP,50MP + 8MP + 2MP,5000 mAh Battery,0,17.02 cm (6.7 inch) Full HD+ Display,159.99,0
realme,"C61 (Safari Green, 128 GB)",4 GB RAM | 128 GB ROM | Expandable Upto 2 TB,5MP,32MP Rear Camera,5000 mAh Battery,0,17.13 cm (6.745 inch) HD+ Display,84.99,0
MOTOROLA,"Edge 60 Pro (Pantone Sparkling Grape, 256 GB)",8 GB RAM | 256 GB ROM,50MP,50MP + 50MP + 10MP,6000 mAh Battery,0,17.02 cm (6.7 inch) Display,299.99,0
LAVA,Gem 2025,4 MB RAM | 32 GB ROM | Expandable Upto 32 GB,0MP,0.3MP + 0MP,2575 mAh Battery,0,7.11 cm (2.8 inch) HVGA Display,16.77,0
REDMI,"14C 5G (Starlight Blue, 128 GB)",6 GB RAM | 128 GB ROM | Expandable Upto 1 TB,8MP,50MP Rear Camera,5160 mAh Battery,0,17.48 cm (6.88 inch) HD+ Display,119.99000000000001,0
Samsung,"Galaxy A55 5G (Awesome Iceblue, 256 GB)",8 GB RAM | 256 GB ROM | Expandable Upto 1 TB,32MP,50MP + 12MP + 5MP,5000 mAh Battery,0,16.76 cm (6.6 inch) Full HD+ Display,369.99,0
Samsung,"Galaxy A16 5G (Light Green, 128 GB)",6 GB RAM | 128 GB ROM,13MP,50MP + 5MP + 2MP,5000 mAh Battery,0,17.02 cm (6.7 inch) Full HD+ Display,156.19,0
Kechaoda,A26,32 MB RAM | 32 MB ROM | Expandable Upto 16 GB,0MP,0MP,800 mAh Battery,0,1.68 cm (0.66 inch) QVGA Display,8.89,0
vivo,"T4 Ultra 5G (Phoenix Gold, 256 GB)",8 GB RAM | 256 GB ROM,32MP,50MP + 8MP + 50MP Periscope,5500 mAh Battery,0,16.94 cm (6.67 inch) Full HD+ AMOLED Display,359.99,0
realme,"C71 (Sea Blue, 64 GB)",4 GB RAM | 64 GB ROM | Expandable Upto 2 TB,5MP,13MP Rear Camera,6300 mAh Battery,0,17.14 cm (6.75 inch) HD+ Display,87.9,0
Ai+,"Nova 5G (Black, 128 GB)",8 GB RAM | 128 GB ROM | Expandable Upto 1 TB,5MP,50MP Rear Camera,5000 mAh Battery,0,17.13 cm (6.745 inch) HD+ Display,99.99000000000001,0
Samsung,"Galaxy F70e 5G (Limelight Green, 128 GB)",4 GB RAM | 128 GB ROM | Expandable Upto 2 TB,8MP,50MP + 2MP,6000 mAh Li-ion Battery,0,17.12 cm (6.74 inch) HD+ Display,117.49000000000001,0
Motorola,"g45 5G (Brilliant Blue, 128 GB)",8 GB RAM | 128 GB ROM | Expandable Upto 1 TB,16MP,50MP + 2MP,5000 mAh Battery,0,16.51 cm (6.5 inch) HD+ Display,119.99000000000001,0
POCO,"M7 Pro 5G (Lavender Frost, 128 GB)",6 GB RAM | 128 GB ROM,20MP,50MP + 2MP,5110 mAh Battery,0,16.94 cm (6.67 inch) Full HD+ Display,134.99,0
realme,"P4x 5G (Lake Green, 128 GB)",6 GB RAM | 128 GB ROM,8MP,50MP + 2MP,7000 mAh Battery,0,17.07 cm (6.72 inch) Full HD+ Display,164.99,0
Samsung,"Galaxy M06 5G (Sage Green, 64 GB)",4 GB RAM | 64 GB ROM,,50MP Rear Camera,5000 mAh Battery,0,17.02 cm (6.7 inch) Display,92.99,0
Motorola,"G85 5G (Cobalt Blue, 256 GB)",12 GB RAM | 256 GB ROM,32MP,50MP + 8MP,5000 mAh Battery,0,16.94 cm (6.67 inch) Full HD+ Display,179.99,0
LAVA,A2 Smart,4 MB RAM | 24 MB ROM | Expandable Upto 32 GB,0MP,1.3MP + 0MP,1200 mAh Battery,0,6.1 cm (2.4 inch) HVGA Display,11.98,0
Kechaoda,A26,32 MB RAM | 32 MB ROM | Expandable Upto 16 GB,0MP,0MP,800 mAh Battery,0,1.68 cm (0.66 inch) QVGA Display,8.99,0
Samsung,"Galaxy F36 5G (Black, 128 GB)",8 GB RAM | 128 GB ROM | Expandable Upto 2 TB,13MP,50MP + 8MP + 2MP,5000 mAh Battery,0,17.02 cm (6.7 inch) Full HD+ Display,174.99,0
Motorola,"g54 5G (Pearl Blue, 128 GB)",8 GB RAM | 128 GB ROM | Expandable Upto 1 TB,16MP,50MP (OIS) + 8MP,6000 mAh Battery,0,16.51 cm (6.5 inch) Full HD+ Display,179.99,0
vivo,"T4 Ultra 5G (Phoenix Gold, 256 GB)",12 GB RAM | 256 GB ROM,32MP,50MP + 8MP + 50MP Periscope,5500 mAh Battery,0,16.94 cm (6.67 inch) Full HD+ AMOLED Display,379.99,0
Samsung,Guru 1200,4 MB RAM | 10 MB ROM,,800 mAh Battery,,0,3.86 cm (1.52 inch) NA Display,7.99,0
POCO,"M7 Plus 5G (Carbon Black, 128 GB)",8 GB RAM | 128 GB ROM | Expandable Upto 2 TB,,50MP AI Dual Camera,7000 mAh Battery,0,17.53 cm (6.9 inch) Display,149.99,0
REDMI,"15 5G (Frosted White, 256 GB)",8 GB RAM | 256 GB ROM,,50MP Rear Camera,7000 mAh Battery,0,17.53 cm (6.9 inch) Display,179.88,0
IQOO,"Neo 10 (Inferno Red, 256 GB)",8 GB RAM | 256 GB ROM,32MP + 32MP Dual,50MP + 50MP + 8MP,7000 mAh Battery,0,17.22 cm (6.78 inch) Full HD+ E3 Super AMOLED Display,377.71,0
IQOO,"Neo 10 (Titanium Chrome, 256 GB)",12 GB RAM | 256 GB ROM,32MP + 32MP Dual,50MP + 50MP + 8MP,7000 mAh Battery,0,17.22 cm (6.78 inch) Full HD+ E3 Super AMOLED Display,409.75,0
LAVA,A1 Josh BOL,4 MB RAM | 4 MB ROM | Expandable Upto 32 GB,0MP,0MP,1000 mAh Battery,0,4.5 cm (1.77 inch) Quarter QVGA Display,9.69,0
Kechaoda,A27,32 MB RAM | 32 MB ROM | Expandable Upto 16 GB,0MP,0MP,800 mAh Battery,0,1.68 cm (0.66 inch) FWVGA Display,8.99,0
realme,"Narzo 80 Lite 4G (Beach Gold, 64 GB)",4 GB RAM | 64 GB ROM,,32MP Rear Camera,6300 mAh Battery,0,17.12 cm (6.74 inch) HD+ Display,89.01,0
Kechaoda,A26,32 MB RAM | 32 MB ROM | Expandable Upto 16 GB,,800 mAh Battery,3 Months Company Warranty,0,1.68 cm (0.66 inch) Display,8.99,0
HOTLINE,H312,32 MB RAM | 32 MB ROM,,0.3MP Rear Camera,1000 mAh Battery,0,4.57 cm (1.8 inch) Display,4.61,0
POCO,"C61  - Locked with Airtel Prepaid (Diamond Dust Black, 64 GB)",4 GB RAM | 64 GB ROM | Expandable Upto 1 TB,5MP,8MP Rear Camera,5000 mAh Battery,0,17.04 cm (6.71 inch) HD+ Display,74.99,0
Samsung,"Galaxy F70e 5G (Limelight Green, 128 GB)",4 GB RAM | 128 GB ROM | Expandable Upto 2 TB,8MP,50MP + 2MP,6000 mAh Li-ion Battery,0,17.12 cm (6.74 inch) HD+ Display,117.49000000000001,0
Tecno,"Spark 30C 5G (Aurora Cloud, 128 GB)",8 GB RAM | 128 GB ROM | Expandable Upto 1 TB,8MP,48MP Rear Camera,5000 mAh Battery,0,16.94 cm (6.67 inch) Display,129.99,0
realme,"14x 5G (Jewel Red, 128 GB)",8 GB RAM | 128 GB ROM | Expandable Upto 2 TB,8MP,50MP Rear Camera,6000 mAh Battery,0,16.94 cm (6.67 inch) HD+ Display,159.99,0
realme,"14x 5G (Jewel Red, 128 GB)",6 GB RAM | 128 GB ROM | Expandable Upto 2 TB,8MP,50MP Rear Camera,6000 mAh Battery,0,16.94 cm (6.67 inch) HD+ Display,149.99,0
MOTOROLA,"Edge 70 (PANTONE Gadget Gray, 256 GB)",8 GB RAM | 256 GB ROM,50MP,50MP + 50MP,5000 mAh Battery,0,17.02 cm (6.7 inch) Display,329.99,0
Kechaoda,A27,32 MB RAM | 32 MB ROM,,0MP Front Camera,800 mAh Battery,0,4.27 cm (1.68 inch) Display,8.99,0
MOTOROLA,A10V DS Keypad Phone with Voice Feature|800 mAh Battery|Wireless FM Recording,4 MB RAM | 32 MB ROM | Expandable Upto 64 GB,,800 mAh Battery,2 Years Domestic Replacement Warranty,0,4.57 cm (1.8 inch) Display,9.75,0
Infinix,"Note 50x 5G+ 45W Charger In the Box & AI (Titanium Grey, 128 GB)",6 GB RAM | 128 GB ROM,8MP,50MP + AI Lens,5500 mAh Battery,0,16.94 cm (6.67 inch) HD+ Display,134.99,0
Infinix,"Note 50x 5G+ 45W Charger In the Box & AI (Enchanted Purple, 128 GB)",6 GB RAM | 128 GB ROM,8MP,50MP + AI Lens,5500 mAh Battery,0,16.94 cm (6.67 inch) HD+ Display,134.99,0
LAVA,A7 Torch+,4 MB RAM | 32 MB ROM | Expandable Upto 32 GB,0MP,0.3MP + 0MP,2575 mAh Battery,0,6.1 cm (2.4 inch) Quarter QVGA Display,14.98,0
KARBONN,"K9 Sleek,Dual SIM,Keypad Mobile,2.4""Corved Glass,1750mAh Battery,Expandable,32GB",52 MB RAM | 65 MB ROM | Expandable Upto 32 GB,,0.3MP Rear Camera,1750 mAh Battery,0,6.1 cm (2.4 inch) FWVGA Display,12.55,0
OnePlus,"Nord CE4 (Dark Chrome, 128 GB)",8 GB RAM | 128 GB ROM,,50MP Rear Camera,5500 mAh Battery,0,17.02 cm (6.7 inch) Display,239.93,0
Samsung,B310ED Black keypad Mobile,32 MB RAM | 100 MB ROM,,800 mAh Battery,NO WARRANTY,0,4.57 cm (1.8 inch) Display,8.18,0
Kechaoda,K115,32 MB RAM | 32 MB ROM | Expandable Upto 32 GB,0MP,0.3MP + 0MP,850 mAh Battery,0,3.66 cm (1.44 inch) QVGA Display,9.99,0
OnePlus,"15R 5G (Electric Violet, 256 GB)",12 GB RAM | 256 GB ROM,,50MP Rear Camera,7400 mAh Battery,0,17.35 cm (6.83 inch) Display,509.99,0
Ai+,"Nova 5G (Pink, 128 GB)",8 GB RAM | 128 GB ROM | Expandable Upto 1 TB,5MP,50MP Rear Camera,5000 mAh Battery,0,17.13 cm (6.745 inch) HD+ Display,99.99000000000001,0
Jmax,Prime 1,32 MB RAM | 32 MB ROM,,1.3MP Rear Camera,2250 mAh Battery,0,6.1 cm (2.4 inch) Display,8.05,0
Kechaoda,A27,32 MB RAM | 32 MB ROM | Expandable Upto 16 GB,0MP,0MP,800 mAh Battery,0,1.68 cm (0.66 inch) QVGA Display,8.99,0
REDMI,"Note 15 5G (Glacier Blue, 256 GB)",8 GB RAM | 256 GB ROM,,108MP Rear Camera,5520 mAh Battery,0,17.2 cm (6.77 inch) Display,258.47,0
REDMI,"Note 15 5G (Black, 128 GB)",8 GB RAM | 128 GB ROM,,108MP Rear Camera,5520 mAh Battery,0,17.2 cm (6.77 inch) Display,219.71,0
realme,"15 Pro 5G (Silk Purple, 256 GB)",12 GB RAM | 256 GB ROM,50MP,50MP + 50MP,7000 mAh Battery,0,17.27 cm (6.8 inch) Display,359.99,0
OPPO,"K14x 5G (Prism Violet, 128 GB)",4 GB RAM | 128 GB ROM,5MP; f/2.2; FOV 77°; 3P lens,50MP + 2MP,6500 mAh Battery,0,17.14 cm (6.75 inch) HD+ Display,149.99,0
Samsung,"Galaxy F70e 5G (Limelight Green, 128 GB)",4 GB RAM | 128 GB ROM | Expandable Upto 2 TB,8MP,50MP + 2MP,6000 mAh Li-ion Battery,0,17.12 cm (6.74 inch) HD+ Display,117.49000000000001,0
realme,"15 Pro 5G (Flowing Silver, 256 GB)",12 GB RAM | 256 GB ROM,50MP,50MP + 50MP,7000 mAh Battery,0,17.27 cm (6.8 inch) Display,359.99,0
realme,"15 Pro 5G (Velvet Green, 128 GB)",8 GB RAM | 128 GB ROM,50MP,50MP + 50MP,7000 mAh Battery,0,17.27 cm (6.8 inch) Display,319.99,0
realme,"Narzo 90 5G (Carbon Black, 128 GB)",8 GB RAM | 128 GB ROM,,50MP Rear Camera,7000 mAh Battery,0,16.69 cm (6.57 inch) Display,185.17000000000002,0
Tecno,"Pova 7 Pro 5G (Neon Cyan, 256 GB)",8 GB RAM | 256 GB ROM,13MP,64MP + 8MP,6000 mAh Battery,0,17.22 cm (6.78 inch) Full HD+ AMOLED Display,187.49,0
Jio,JioBharat V4 Keypad Phone,4 MB RAM | 32 MB ROM | Expandable Upto 128 MB,0MP,0.3MP Rear Camera,1000 mAh Battery,0,11.43 cm (4.5 inch) QVGA Display,7.09,0
Tecno,"Pova 7 Pro 5G (Neon Cyan, 128 GB)",8 GB RAM | 128 GB ROM,13MP,64MP + 8MP,6000 mAh Battery,0,17.22 cm (6.78 inch) Full HD+ AMOLED Display,177.49,0
MOTOROLA,A10V DS Keypad Phone with Voice Feature|800 mAh Battery|Wireless FM Recording,4 MB RAM | 0.03 GB ROM | Expandable Upto 64 GB,,800 mAh Battery,1 Year Handset Warranty and 6 Months Warranty on Accessories,0,4.57 cm (1.8 inch) Display,9.700000000000001,0
Samsung,"M06 5G (Sage Green, 128 GB)",4 GB RAM | 128 GB ROM,,50MP Rear Camera,5000 mAh Battery,0,17.02 cm (6.7 inch) Display,102.99000000000001,0
Infinix,"Note 50x 5G+ 45W Charger In the Box & AI (Sunset Spice Pink, 128 GB)",6 GB RAM | 128 GB ROM,8MP,50MP + AI Lens,5500 mAh Battery,0,16.94 cm (6.67 inch) HD+ Display,134.99,0
POCO,"M8 (Frost Silver, 128 GB)",6 GB RAM | 128 GB ROM | Expandable Upto 1 TB,20MP,50MP Rear Camera,5520 mAh Battery,0,17.2 cm (6.77 inch) Full HD+ Display,179.99,0
realme,"15T 5G (Flowing Silver, 256 GB)",12 GB RAM | 256 GB ROM,50MP,50MP + 2MP,7000 mAh Battery,0,16.69 cm (6.57 inch) Full HD Display,269.99,0
realme,"14x 5G (Crystal Black, 128 GB)",8 GB RAM | 128 GB ROM | Expandable Upto 2 TB,8MP,50MP Rear Camera,6000 mAh Battery,0,16.94 cm (6.67 inch) HD+ Display,159.9,0
Samsung,"Galaxy A55 5G (Awesome Iceblue, 128 GB)",8 GB RAM | 128 GB ROM | Expandable Upto 1 TB,32MP,50MP + 12MP + 5MP,5000 mAh Battery,0,16.76 cm (6.6 inch) Full HD+ Display,299.99,0
CMF,"by Nothing Phone 1 (Orange, 128 GB)",6 GB RAM | 128 GB ROM | Expandable Upto 1 TB,16MP,50MP + 2MP,5000 mAh Battery,0,16.94 cm (6.67 inch) Full HD+ Display,159.99,0
CMF,"by Nothing Phone 1 (Blue, 128 GB)",6 GB RAM | 128 GB ROM | Expandable Upto 2 TB,16MP,50MP + 2MP,5000 mAh Battery,0,16.94 cm (6.67 inch) Full HD+ Display,159.99,0
MOTOROLA,"Edge 60 Fusion 5G (PANTONE Mykonos Blue, 128 GB)",8 GB RAM | 128 GB ROM | Expandable Upto 1 TB,32MP,50MP + 13MP,5500 mAh Battery,0,16.94 cm (6.67 inch) Display,209.99,0
IAIR,D25 Keypad Mobile Basic Mini Feature Phone|2800mAh Big Battery|2.4 Inch Display,32 MB RAM | 0 MB ROM,,0.8MP Rear Camera,1200 mAh Battery,0,4.57 cm (1.8 inch) Display,7.12,0
OnePlus,"15R 5G (Electric Violet, 512 GB)",12 GB RAM | 512 GB ROM,,50MP Rear Camera,7400 mAh Battery,0,17.35 cm (6.83 inch) Display,598.99,0
POCO,"M7 Pro 5G (Olive Twilight, 128 GB)",6 GB RAM | 128 GB ROM,20MP,50MP + 2MP,5110 mAh Battery,0,16.94 cm (6.67 inch) Full HD+ Display,134.99,0
OPPO,"K14x 5G (Prism Violet, 128 GB)",4 GB RAM | 128 GB ROM,5MP; f/2.2; FOV 77°; 3P lens,50MP + 2MP,6500 mAh Battery,0,17.14 cm (6.75 inch) HD+ Display,149.99,0
GFive,FLASH,32 MB RAM | 32 MB ROM,,1MP Rear Camera,3000 mAh Battery,0,7.11 cm (2.8 inch) NA Display,9.99,0
Samsung,"Galaxy F70e 5G (Limelight Green, 128 GB)",4 GB RAM | 128 GB ROM | Expandable Upto 2 TB,8MP,50MP + 2MP,6000 mAh Li-ion Battery,0,17.12 cm (6.74 inch) HD+ Display,117.49000000000001,0
realme,"C71 (Sea Blue, 128 GB)",6 GB RAM | 128 GB ROM | Expandable Upto 2 TB,5MP,13MP Rear Camera,6300 mAh Battery,0,17.14 cm (6.75 inch) HD+ Display,96.99000000000001,0
POCO,"X7 Pro 5G (Yellow, 256 GB)",12 GB RAM | 256 GB ROM,20MP,50MP + 8MP,6550 mAh Battery,0,16.94 cm (6.67 inch) Display,239.99,0
OnePlus,"15R 5G (Charcoal Black, 256 GB)",12 GB RAM | 256 GB ROM,,50MP Rear Camera,7400 mAh Battery,0,17.35 cm (6.83 inch) Display,465.99,0
realme,"14 Pro+ 5G (Pearl White, 256 GB)",12 GB RAM | 256 GB ROM,32MP,50MP + 50MP + 8MP,6000 mAh Battery,0,17.35 cm (6.83 inch) Display,349.99,0
REDMI,"15 5G (Sandy Purple, 256 GB)",8 GB RAM | 256 GB ROM,,50MP Rear Camera,7000 mAh Battery,0,17.53 cm (6.9 inch) Display,179.70000000000002,0
Samsung,"Galaxy S24 FE 5G (Graphite, 256 GB)",8 GB RAM | 256 GB ROM,10MP,50MP + 12MP + 8MP,4700 mAh Battery,0,17.02 cm (6.7 inch) Full HD+ Display,459.99,0
Samsung,"Galaxy S24 FE 5G (Graphite, 128 GB)",8 GB RAM | 128 GB ROM,10MP,50MP + 12MP + 8MP,4700 mAh Battery,0,17.02 cm (6.7 inch) Full HD+ Display,399.99,0
IQOO,"Neo 10 (Inferno Red, 256 GB)",12 GB RAM | 256 GB ROM,32MP + 32MP Dual,50MP + 50MP + 8MP,7000 mAh Battery,0,17.22 cm (6.78 inch) Full HD+ E3 Super AMOLED Display,394.0,0
REDMI,"14C 5G (Starlight Blue, 128 GB)",4 GB RAM | 128 GB ROM | Expandable Upto 1 TB,8MP,50MP Rear Camera,5160 mAh Battery,0,17.48 cm (6.88 inch) HD+ Display,104.99000000000001,0
REDMI,"14C 5G (Stargaze Black, 64 GB)",4 GB RAM | 64 GB ROM | Expandable Upto 1 TB,8MP,50MP Rear Camera,5160 mAh Battery,0,17.48 cm (6.88 inch) HD+ Display,94.99,0
REDMI,"14C 5G (Starlight Blue, 64 GB)",4 GB RAM | 64 GB ROM | Expandable Upto 1 TB,8MP,50MP Rear Camera,5160 mAh Battery,0,17.48 cm (6.88 inch) HD+ Display,94.99,0
MOTOROLA,"Edge 60 Fusion 5G (PANTONE Zephyr, 256 GB)",12 GB RAM | 256 GB ROM | Expandable Upto 1 TB,32MP,50MP + 13MP,5500 mAh Battery,0,16.94 cm (6.67 inch) Display,249.99,0
Kechaoda,K115,32 MB RAM | 32 MB ROM | Expandable Upto 32 GB,0MP,0.3MP + 0MP,850 mAh Battery,0,3.66 cm (1.44 inch) QVGA Display,9.97,0
REDMI,"14C 5G (Stargaze Black, 128 GB)",4 GB RAM | 128 GB ROM | Expandable Upto 1 TB,8MP,50MP Rear Camera,5160 mAh Battery,0,17.48 cm (6.88 inch) HD+ Display,117.99000000000001,0
Tecno,"Pova 7 Pro 5G (Dynamic Grey, 256 GB)",8 GB RAM | 256 GB ROM,13MP,64MP + 8MP,6000 mAh Battery,0,17.22 cm (6.78 inch) Full HD+ AMOLED Display,187.49,0
Apple,"iPhone 14 (Starlight, 128 GB)",128 GB ROM,12MP,12MP + 12MP,"A15 Bionic Chip, 6 Core Processor Processor",0,15.49 cm (6.1 inch) Super Retina XDR Display,549.0,0
MOTOROLA,"Signature (PANTONE Martini Olive, 1 TB)",16 GB RAM | 1 TB ROM,50MP,50MP + 50MP + 50MP,5200 mAh Battery,0,17.27 cm (6.8 inch) Super HD Display,699.99,0
Samsung,"Galaxy F70e 5G (Limelight Green, 128 GB)",4 GB RAM | 128 GB ROM | Expandable Upto 2 TB,8MP,50MP + 2MP,6000 mAh Li-ion Battery,0,17.12 cm (6.74 inch) HD+ Display,117.49000000000001,0
CMF,"by Nothing Phone 1 (Light Green, 128 GB)",6 GB RAM | 128 GB ROM | Expandable Upto 2 TB,16MP,50MP + 2MP,5000 mAh Battery,0,16.94 cm (6.67 inch) Full HD+ Display,159.99,0
REDMI,"13c 5G (Starlight Black, 128 GB)",4 GB RAM | 128 GB ROM,,50MP Rear Camera,5000 mAh Battery,0,17.12 cm (6.74 inch) Display,124.99000000000001,0
Tecno,"Pova 7 Pro 5G (Geek Black, 128 GB)",8 GB RAM | 128 GB ROM,13MP,64MP + 8MP,6000 mAh Battery,0,17.22 cm (6.78 inch) Full HD+ AMOLED Display,177.49,0
REDMI,"14C 5G (Starlight Blue, 128 GB)",6 GB RAM | 128 GB ROM | Expandable Upto 1 TB,8MP,50MP Rear Camera,5160 mAh Battery,0,17.48 cm (6.88 inch) HD+ Display,121.8,0
realme,"15T 5G (Flowing Silver, 256 GB)",8 GB RAM | 256 GB ROM,50MP,50MP + 2MP,7000 mAh Battery,0,16.69 cm (6.57 inch) Full HD Display,249.99,0
REDMI,"14C 5G (Stargaze Black, 128 GB)",4 GB RAM | 128 GB ROM | Expandable Upto 1 TB,8MP,50MP Rear Camera,5160 mAh Battery,0,17.48 cm (6.88 inch) HD+ Display,104.99000000000001,0
OnePlus,"15R 5G (Mint Breeze, 256 GB)",12 GB RAM | 256 GB ROM,,50MP Rear Camera,7400 mAh Battery,0,17.35 cm (6.83 inch) Display,465.99,0
itel,Ace2 Heera | King Talker | Auto Call Recording | Expendable Storage32GB,32 MB RAM | 32 MB ROM | Expandable Upto 32 GB,,1000 mAh Battery,1 year manufacturer Warranty,0,4.57 cm (1.8 inch) Display,8.65,0
realme,"C71 (Obsidian Black, 128 GB)",6 GB RAM | 128 GB ROM | Expandable Upto 2 TB,5MP,13MP Rear Camera,6300 mAh Battery,0,17.14 cm (6.75 inch) HD+ Display,96.99000000000001,0
Kechaoda,K115,32 MB RAM | 32 MB ROM | Expandable Upto 32 GB,0MP,0.3MP + 0MP,850 mAh Battery,0,3.66 cm (1.44 inch) QVGA Display,9.99,0
Kechaoda,K115,32 MB RAM | 32 MB ROM | Expandable Upto 32 GB,0MP,0.3MP + 0MP,850 mAh Battery,0,3.66 cm (1.44 inch) QVGA Display,9.99,0
realme,"P4 5G (Forge Red, 256 GB)",8 GB RAM | 256 GB ROM,16MP,50MP + 8MP,7000 mAh Battery,0,17.2 cm (6.77 inch) Display,239.99,0
realme,"P4 5G (Engine Blue, 256 GB)",8 GB RAM | 256 GB ROM,16MP,50MP + 8MP,7000 mAh Battery,0,17.2 cm (6.77 inch) Display,239.99,0
realme,"P4 5G (Steel Grey, 256 GB)",8 GB RAM | 256 GB ROM,16MP,50MP + 8MP,7000 mAh Battery,0,17.2 cm (6.77 inch) Display,239.99,0
realme,"14 Pro+ 5G (Emerald Drift, 256 GB)",8 GB RAM | 256 GB ROM,32MP,50MP + 50MP + 8MP,6000 mAh Battery,0,17.35 cm (6.83 inch) Display,249.99,0
realme,"P4 5G (Engine Blue, 128 GB)",8 GB RAM | 128 GB ROM,16MP,50MP + 8MP,7000 mAh Battery,0,17.2 cm (6.77 inch) Display,219.99,0
Nokia,"130 Music Dual Sim with Music Player, Dedicated Music Buttons",4 MB RAM | 4 MB ROM,,0MP Front Camera,1450 mAh Battery,0,6.1 cm (2.4 inch) Display,18.89,0
realme,"14 Pro+ 5G (Pearl White, 512 GB)",12 GB RAM | 512 GB ROM,32MP,50MP + 50MP + 8MP,6000 mAh Battery,0,17.35 cm (6.83 inch) Display,379.99,0
Ai+,"Nova 5G (Sparkle Red, 128 GB)",8 GB RAM | 128 GB ROM | Expandable Upto 1 TB,5MP,50MP Rear Camera,5000 mAh Battery,0,17.13 cm (6.745 inch) HD+ Display,99.99000000000001,0
realme,"15T 5G (Suit Titanium, 256 GB)",12 GB RAM | 256 GB ROM,50MP,50MP + 2MP,7000 mAh Battery,0,16.69 cm (6.57 inch) Full HD Display,269.99,0
Samsung,"Galaxy F70e 5G (Limelight Green, 128 GB)",4 GB RAM | 128 GB ROM | Expandable Upto 2 TB,8MP,50MP + 2MP,6000 mAh Li-ion Battery,0,17.12 cm (6.74 inch) HD+ Display,117.49000000000001,0
realme,"P4x 5G (Matte Silver, 128 GB)",6 GB RAM | 128 GB ROM,8MP,50MP + 2MP,7000 mAh Battery,0,17.07 cm (6.72 inch) Full HD+ Display,164.99,0
realme,"C71 (Sea Blue, 64 GB)",4 GB RAM | 64 GB ROM | Expandable Upto 2 TB,5MP,13MP Rear Camera,6300 mAh Battery,0,17.14 cm (6.75 inch) HD+ Display,89.81,0
realme,"P4x 5G (Lake Green, 128 GB)",6 GB RAM | 128 GB ROM,8MP,50MP + 2MP,7000 mAh Battery,0,17.07 cm (6.72 inch) Full HD+ Display,164.99,0
Samsung,"Galaxy S25 Plus 5G (Navy, 256 GB)",12 GB RAM | 256 GB ROM,12MP,50MP + 10MP + 12MP,4900 mAh Battery,0,17.02 cm (6.7 inch) Quad HD+ Display,749.99,0
Mobilezone,"Rock X Flip Dual Sim Keypad Mobile with 1.8""Display Flip/Fold Call & SMS",32 MB RAM | 32 MB ROM,,0.3MP Rear Camera,1800 mAh Battery,0,4.57 cm (1.8 inch) Display,13.84,0
POCO,"M7 Plus 5G (Aqua Blue, 128 GB)",8 GB RAM | 128 GB ROM | Expandable Upto 2 TB,,50MP AI Dual Camera,7000 mAh Battery,0,17.53 cm (6.9 inch) Display,149.99,0
realme,"15T 5G (Suit Titanium, 128 GB)",8 GB RAM | 128 GB ROM,50MP,50MP + 2MP,7000 mAh Battery,0,16.69 cm (6.57 inch) Full HD Display,229.99,0
Tecno,"Spark 30C 5G (Midnight Shadow, 128 GB)",8 GB RAM | 128 GB ROM | Expandable Upto 1 TB,8MP,48MP Rear Camera,5000 mAh Battery,0,16.94 cm (6.67 inch) Display,129.99,0
OnePlus,"13s 5G (Black Velvet, 256 GB)",12 GB RAM | 256 GB ROM,,50MP Rear Camera,5850 mAh Battery,0,16.05 cm (6.32 inch) Display,493.78000000000003,0
Infinix,"Note 50x 5G+ 45W Charger In the Box & AI (Sea Breeze Green, 128 GB)",8 GB RAM | 128 GB ROM,8MP,50MP + AI Lens,5500 mAh Battery,0,16.94 cm (6.67 inch) HD+ Display,149.99,0
Ai+,"Nova 5G (Green, 128 GB)",8 GB RAM | 128 GB ROM | Expandable Upto 1 TB,5MP,50MP Rear Camera,5000 mAh Battery,0,17.13 cm (6.745 inch) HD+ Display,99.99000000000001,0
Infinix,"Note 50x 5G+ 45W Charger In the Box & AI (Sunset Spice Pink, 128 GB)",6 GB RAM | 128 GB ROM,8MP,50MP + AI Lens,5500 mAh Battery,0,16.94 cm (6.67 inch) HD+ Display,134.99,0
OnePlus,"15R 5G (Mint Breeze, 512 GB)",12 GB RAM | 512 GB ROM,,50MP Rear Camera,7400 mAh Battery,0,17.35 cm (6.83 inch) Display,526.77,0
IQOO,"Neo 10 (Titanium Chrome, 512 GB)",16 GB RAM | 512 GB ROM,32MP + 32MP Dual,50MP + 50MP + 8MP,7000 mAh Battery,0,17.22 cm (6.78 inch) Full HD+ E3 Super AMOLED Display,459.55,0
hmd,"105 Dual Sim Keypad Phone with Built-in UPI App, Wireless FM Radio",4 MB RAM | 4 MB ROM | Expandable Upto 32 GB,,1000 mAh Battery,SC6531E Processor,0,5.08 cm (2 inch) Display,10.09,0
POCO,"F7 5G (Frost White, 256 GB)",12 GB RAM | 256 GB ROM,20MP,50MP Rear Camera,7550 mAh Li-Polymer + Silicon Carbon Battery,0,17.35 cm (6.83 inch) Display,339.99,0
POCO,"M7 Plus 5G (Aqua Blue, 128 GB)",4 GB RAM | 128 GB ROM | Expandable Upto 2 TB,,50MP Rear Camera,7000 mAh Battery,0,17.53 cm (6.9 inch) Display,129.99,0
IQOO,"Z10 5G (Stellar Black / Black, 256 GB)",8 GB RAM | 256 GB ROM,,50MP Rear Camera,7300 mAh Battery,0,17.2 cm (6.77 inch) Display,246.5,0
realme,"Narzo 90 5G (Victory Gold, 128 GB)",6 GB RAM | 128 GB ROM,,50MP Rear Camera,7000 mAh Battery,0,16.69 cm (6.57 inch) Display,169.99,0
realme,"Narzo 90 5G (Carbon Black, 128 GB)",6 GB RAM | 128 GB ROM,,50MP Rear Camera,7000 mAh Battery,0,16.69 cm (6.57 inch) Display,169.88,0
realme,"P4 5G (Forge Red, 128 GB)",8 GB RAM | 128 GB ROM,16MP,50MP + 8MP,7000 mAh Battery,0,17.2 cm (6.77 inch) Display,219.99,0
Samsung,"Galaxy F70e 5G (Limelight Green, 128 GB)",4 GB RAM | 128 GB ROM | Expandable Upto 2 TB,8MP,50MP + 2MP,6000 mAh Li-ion Battery,0,17.12 cm (6.74 inch) HD+ Display,117.49000000000001,0
realme,"P4x 5G (Lake Green, 128 GB)",6 GB RAM | 128 GB ROM,8MP,50MP + 2MP,7000 mAh Battery,0,17.07 cm (6.72 inch) Full HD+ Display,164.99,0
realme,"P4 5G (Steel Grey, 128 GB)",8 GB RAM | 128 GB ROM,16MP,50MP + 8MP,7000 mAh Battery,0,17.2 cm (6.77 inch) Display,219.99,0
realme,"P4 5G (Engine Blue, 128 GB)",6 GB RAM | 128 GB ROM,16MP,50MP + 8MP,7000 mAh Battery,0,17.2 cm (6.77 inch) Display,209.99,0
realme,"P4 5G (Forge Red, 128 GB)",6 GB RAM | 128 GB ROM,16MP,50MP + 8MP,7000 mAh Battery,0,17.2 cm (6.77 inch) Display,209.99,0
Tecno,"Pova Slim 5G (Cool Black, 128 GB)",8 GB RAM | 128 GB ROM,13MP,50MP + 2MP,5160 mAh Battery,0,17.22 cm (6.78 inch) Display,209.99,0
Tecno,"Pova 7 Pro 5G (Dynamic Grey, 128 GB)",8 GB RAM | 128 GB ROM,13MP,64MP + 8MP,6000 mAh Battery,0,17.22 cm (6.78 inch) Full HD+ AMOLED Display,177.49,0
Motorola,Moto A10E,4 MB RAM | 2 MB ROM | Expandable Upto 32 GB,0MP,0MP,800 mAh Battery,0,4.57 cm (1.8 inch) HVGA Display,12.49,0
POCO,"C61 (Ethereal Blue, 64 GB)",4 GB RAM | 64 GB ROM | Expandable Upto 1 TB,5MP,8MP Rear Camera,5000 mAh Battery,0,17.04 cm (6.71 inch) HD+ Display,74.99,0
realme,"P4x 5G (Lake Green, 256 GB)",8 GB RAM | 256 GB ROM,8MP,50MP + 2MP,7000 mAh Battery,0,17.07 cm (6.72 inch) Full HD+ Display,189.99,0
realme,"P4x 5G (Matte Silver, 128 GB)",8 GB RAM | 128 GB ROM,8MP,50MP + 2MP,7000 mAh Battery,0,17.07 cm (6.72 inch) Full HD+ Display,169.99,0
POCO,"C61  - Locked with Airtel Prepaid (Diamond Dust Black, 64 GB)",4 GB RAM | 64 GB ROM | Expandable Upto 1 TB,5MP,8MP Rear Camera,5000 mAh Battery,0,17.04 cm (6.71 inch) HD+ Display,74.99,0
Apple,"iPhone 15 (Blue, 256 GB)",256 GB ROM,12MP,48MP + 12MP,"A16 Bionic Chip, 6 Core Processor Processor",0,15.49 cm (6.1 inch) Super Retina XDR Display,649.0,0
Tecno,"Spark 30C 5G (Aurora Cloud, 128 GB)",8 GB RAM | 128 GB ROM | Expandable Upto 1 TB,8MP,48MP Rear Camera,5000 mAh Battery,0,16.94 cm (6.67 inch) Display,129.99,0
realme,"14x 5G (Jewel Red, 128 GB)",8 GB RAM | 128 GB ROM | Expandable Upto 2 TB,8MP,50MP Rear Camera,6000 mAh Battery,0,16.94 cm (6.67 inch) HD+ Display,159.99,0
realme,"14x 5G (Jewel Red, 128 GB)",6 GB RAM | 128 GB ROM | Expandable Upto 2 TB,8MP,50MP Rear Camera,6000 mAh Battery,0,16.94 cm (6.67 inch) HD+ Display,149.99,0
OnePlus,"15R 5G (Charcoal Black, 512 GB)",12 GB RAM | 512 GB ROM,,50MP Rear Camera,7400 mAh Battery,0,17.35 cm (6.83 inch) Display,528.4,0
Kechaoda,A27,32 MB RAM | 32 MB ROM,,0MP Front Camera,800 mAh Battery,0,4.27 cm (1.68 inch) Display,8.99,0
MOTOROLA,A10V DS Keypad Phone with Voice Feature|800 mAh Battery|Wireless FM Recording,4 MB RAM | 32 MB ROM | Expandable Upto 64 GB,,800 mAh Battery,2 Years Domestic Replacement Warranty,0,4.57 cm (1.8 inch) Display,9.75,0
Google,"Pixel 10 (Frost, 256 GB)",12 GB RAM | 256 GB ROM,10.5MP,48MP + 13MP + 10.8MP,4970 mAh Battery,0,16.0 cm (6.3 inch) Quad HD+ Display,749.99,0
Samsung,B310ED Black keypad Mobile,32 MB RAM | 100 MB ROM,,800 mAh Battery,NO WARRANTY,0,4.57 cm (1.8 inch) Display,8.18,0
OPPO,"K14x 5G (Prism Violet, 128 GB)",4 GB RAM | 128 GB ROM,5MP; f/2.2; FOV 77°; 3P lens,50MP + 2MP,6500 mAh Battery,0,17.14 cm (6.75 inch) HD+ Display,149.99,0
Samsung,"Galaxy F70e 5G (Limelight Green, 128 GB)",4 GB RAM | 128 GB ROM | Expandable Upto 2 TB,8MP,50MP + 2MP,6000 mAh Li-ion Battery,0,17.12 cm (6.74 inch) HD+ Display,117.49000000000001,0
Kechaoda,K115,32 MB RAM | 32 MB ROM | Expandable Upto 32 GB,0MP,0.3MP + 0MP,850 mAh Battery,0,3.66 cm (1.44 inch) QVGA Display,9.99,0
Ai+,"Nova 5G (Pink, 128 GB)",8 GB RAM | 128 GB ROM | Expandable Upto 1 TB,5MP,50MP Rear Camera,5000 mAh Battery,0,17.13 cm (6.745 inch) HD+ Display,99.99000000000001,0
Jmax,Prime 1,32 MB RAM | 32 MB ROM,,1.3MP Rear Camera,2250 mAh Battery,0,6.1 cm (2.4 inch) Display,8.05,0
Kechaoda,A27,32 MB RAM | 32 MB ROM | Expandable Upto 16 GB,0MP,0MP,800 mAh Battery,0,1.68 cm (0.66 inch) QVGA Display,8.99,0
REDMI,"Note 15 5G (Glacier Blue, 256 GB)",8 GB RAM | 256 GB ROM,,108MP Rear Camera,5520 mAh Battery,0,17.2 cm (6.77 inch) Display,258.47,0
MOTOROLA,A10V DS Keypad Phone with Voice Feature|800 mAh Battery|Wireless FM Recording,4 MB RAM | 32 MB ROM | Expandable Upto 64 GB,,800 mAh Battery,2 Years Domestic Replacement Warranty,0,4.57 cm (1.8 inch) Display,9.99,0
OPPO,"Reno15c 5G (Afterglow Pink, 256 GB)",12 GB RAM | 256 GB ROM,Yes,50MP + 8MP + 2MP,7000 mAh Battery,0,16.69 cm (6.57 inch) Full HD+ Display,379.99,0
POCO,"M7 Plus 5G (Chrome Silver, 128 GB)",4 GB RAM | 128 GB ROM | Expandable Upto 2 TB,,50MP Rear Camera,7000 mAh Battery,0,17.53 cm (6.9 inch) Display,129.99,0
HOTLINE,H310,32 MB RAM | 32 MB ROM,,0.3MP Rear Camera,1000 mAh Battery,0,4.57 cm (1.8 inch) Display,4.64,0
realme,"15 Pro 5G (Flowing Silver, 512 GB)",12 GB RAM | 512 GB ROM,50MP,50MP + 50MP,7000 mAh Battery,0,17.27 cm (6.8 inch) Display,389.99,0
realme,"15 Pro 5G (Silk Purple, 512 GB)",12 GB RAM | 512 GB ROM,50MP,50MP + 50MP,7000 mAh Battery,0,17.27 cm (6.8 inch) Display,389.99,0
realme,"15 Pro 5G (Silk Purple, 256 GB)",12 GB RAM | 256 GB ROM,50MP,50MP + 50MP,7000 mAh Battery,0,17.27 cm (6.8 inch) Display,359.99,0
realme,"15 Pro 5G (Flowing Silver, 256 GB)",12 GB RAM | 256 GB ROM,50MP,50MP + 50MP,7000 mAh Battery,0,17.27 cm (6.8 inch) Display,359.99,0
realme,"15 Pro 5G (Velvet Green, 128 GB)",8 GB RAM | 128 GB ROM,50MP,50MP + 50MP,7000 mAh Battery,0,17.27 cm (6.8 inch) Display,319.99,0
realme,"Narzo 90 5G (Carbon Black, 128 GB)",8 GB RAM | 128 GB ROM,,50MP Rear Camera,7000 mAh Battery,0,16.69 cm (6.57 inch) Display,185.17000000000002,0
Tecno,"Pova 7 Pro 5G (Neon Cyan, 256 GB)",8 GB RAM | 256 GB ROM,13MP,64MP + 8MP,6000 mAh Battery,0,17.22 cm (6.78 inch) Full HD+ AMOLED Display,187.49,0
Jio,JioBharat V4 Keypad Phone,4 MB RAM | 32 MB ROM | Expandable Upto 128 MB,0MP,0.3MP Rear Camera,1000 mAh Battery,0,11.43 cm (4.5 inch) QVGA Display,7.09,0
Tecno,"Pova 7 Pro 5G (Neon Cyan, 128 GB)",8 GB RAM | 128 GB ROM,13MP,64MP + 8MP,6000 mAh Battery,0,17.22 cm (6.78 inch) Full HD+ AMOLED Display,177.49,0
realme,"14x 5G (Crystal Black, 128 GB)",8 GB RAM | 128 GB ROM | Expandable Upto 2 TB,8MP,50MP Rear Camera,6000 mAh Battery,0,16.94 cm (6.67 inch) HD+ Display,159.9,0
OPPO,"K14x 5G (Prism Violet, 128 GB)",4 GB RAM | 128 GB ROM,5MP; f/2.2; FOV 77°; 3P lens,50MP + 2MP,6500 mAh Battery,0,17.14 cm (6.75 inch) HD+ Display,149.99,0
Apple,"iPhone 14 (Starlight, 128 GB)",128 GB ROM,12MP,12MP + 12MP,"A15 Bionic Chip, 6 Core Processor Processor",0,15.49 cm (6.1 inch) Super Retina XDR Display,549.0,0
Samsung,"Galaxy F70e 5G (Limelight Green, 128 GB)",4 GB RAM | 128 GB ROM | Expandable Upto 2 TB,8MP,50MP + 2MP,6000 mAh Li-ion Battery,0,17.12 cm (6.74 inch) HD+ Display,117.49000000000001,0
CMF,"by Nothing Phone 1 (Orange, 128 GB)",6 GB RAM | 128 GB ROM | Expandable Upto 1 TB,16MP,50MP + 2MP,5000 mAh Battery,0,16.94 cm (6.67 inch) Full HD+ Display,159.99,0
CMF,"by Nothing Phone 1 (Blue, 128 GB)",6 GB RAM | 128 GB ROM | Expandable Upto 2 TB,16MP,50MP + 2MP,5000 mAh Battery,0,16.94 cm (6.67 inch) Full HD+ Display,159.99,0
MOTOROLA,"Edge 60 Fusion 5G (PANTONE Mykonos Blue, 128 GB)",8 GB RAM | 128 GB ROM | Expandable Upto 1 TB,32MP,50MP + 13MP,5500 mAh Battery,0,16.94 cm (6.67 inch) Display,209.99,0
Samsung,"Galaxy S24 5G Snapdragon (Amber Yellow, 256 GB)",8 GB RAM | 256 GB ROM,12MP,50MP + 12MP,4000 mAh Battery,0,15.75 cm (6.2 inch) Full HD+ Display,479.99,0
IAIR,D25 Keypad Mobile Basic Mini Feature Phone|2800mAh Big Battery|2.4 Inch Display,32 MB RAM | 0 MB ROM,,0.8MP Rear Camera,1200 mAh Battery,0,4.57 cm (1.8 inch) Display,7.12,0
Samsung,SM-Guru 1200,32 MB RAM | 32 MB ROM,,800 mAh Battery,1 Year Seller Warranty,0,4.5 cm (1.77 inch) Display,6.74,0
OnePlus,"15R 5G (Electric Violet, 512 GB)",12 GB RAM | 512 GB ROM,,50MP Rear Camera,7400 mAh Battery,0,17.35 cm (6.83 inch) Display,598.99,0
MOTOROLA,"Razr 60 (PANTONE Spring Bud, 256 GB)",8 GB RAM | 256 GB ROM,32MP,50MP + 13MP,4500 mAh Battery,0,17.53 cm (6.9 inch) Full HD+ Display,499.99,0
IQOO,"Neo 10 (Titanium Chrome, 512 GB)",16 GB RAM | 512 GB ROM,32MP + 32MP Dual,50MP + 50MP + 8MP,7000 mAh Battery,0,17.22 cm (6.78 inch) Full HD+ E3 Super AMOLED Display,457.13,0
REDMI,"15C 5G (Dusk Purple, 128 GB)",6 GB RAM | 128 GB ROM,,50MP Rear Camera,6000 mAh Battery,0,17.53 cm (6.9 inch) Display,137.8,0
Infinix,"Note 50x 5G+ 45W Charger In the Box & AI (Sea Breeze Green, 128 GB)",6 GB RAM | 128 GB ROM,8MP,50MP + AI Lens,5500 mAh Battery,0,16.94 cm (6.67 inch) HD+ Display,134.99,0
Kechaoda,A26,32 MB RAM | 16 GB ROM | Expandable Upto 32 MB,0MP,0MP,800 mAh Battery,0,1.68 cm (0.66 inch) NA Display,8.99,0
itel,Ace2 Heera | King Talker | Auto Call Recording | Expendable Storage32GB,32 MB RAM | 32 MB ROM | Expandable Upto 32 GB,,1000 mAh Battery,1 year manufacturer Warranty,0,4.57 cm (1.8 inch) Display,8.700000000000001,0
POCO,"M7 Pro 5G (Olive Twilight, 128 GB)",6 GB RAM | 128 GB ROM,20MP,50MP + 2MP,5110 mAh Battery,0,16.94 cm (6.67 inch) Full HD+ Display,134.99,0
GFive,FLASH,32 MB RAM | 32 MB ROM,,1MP Rear Camera,3000 mAh Battery,0,7.11 cm (2.8 inch) NA Display,9.99,0
realme,"C71 (Sea Blue, 128 GB)",6 GB RAM | 128 GB ROM | Expandable Upto 2 TB,5MP,13MP Rear Camera,6300 mAh Battery,0,17.14 cm (6.75 inch) HD+ Display,96.99000000000001,0
POCO,"X7 Pro 5G (Yellow, 256 GB)",12 GB RAM | 256 GB ROM,20MP,50MP + 8MP,6550 mAh Battery,0,16.94 cm (6.67 inch) Display,239.99,0
Samsung,"Galaxy F70e 5G (Limelight Green, 128 GB)",4 GB RAM | 128 GB ROM | Expandable Upto 2 TB,8MP,50MP + 2MP,6000 mAh Li-ion Battery,0,17.12 cm (6.74 inch) HD+ Display,117.49000000000001,0
HOTLINE,CLASSIC ULTRA,32 MB RAM | 32 MB ROM | Expandable Upto 16 GB,0MP,1.3MP + 0MP,1100 mAh Battery,0,4.57 cm (1.8 inch) NA Display,4.83,0
Jmax,Prime,32 MB RAM | 32 MB ROM,,1.3MP Rear Camera,2250 mAh Battery,0,6.1 cm (2.4 inch) NA Display,7.7700000000000005,0
Samsung,"Galaxy S24 FE 5G (Graphite, 256 GB)",8 GB RAM | 256 GB ROM,10MP,50MP + 12MP + 8MP,4700 mAh Battery,0,17.02 cm (6.7 inch) Full HD+ Display,459.99,0
Samsung,"Galaxy Z Fold6 5G (Silver Shadow, 256 GB)",12 GB RAM | 256 GB ROM,10MP,50MP + 12MP + 10MP,4400 mAh Lithium ion Battery,0,19.3 cm (7.6 inch) QXGA+ Display,1099.9,0
Google,"Pixel 10 (Obsidian, 256 GB)",12 GB RAM | 256 GB ROM,10.5MP,48MP + 13MP + 10.8MP,4970 mAh Battery,0,16.0 cm (6.3 inch) Quad HD+ Display,749.99,0
Samsung,"Galaxy S24 FE 5G (Graphite, 128 GB)",8 GB RAM | 128 GB ROM,10MP,50MP + 12MP + 8MP,4700 mAh Battery,0,17.02 cm (6.7 inch) Full HD+ Display,399.99,0
IQOO,"Neo 10 (Inferno Red, 256 GB)",12 GB RAM | 256 GB ROM,32MP + 32MP Dual,50MP + 50MP + 8MP,7000 mAh Battery,0,17.22 cm (6.78 inch) Full HD+ E3 Super AMOLED Display,394.0,0
REDMI,"14C 5G (Starlight Blue, 128 GB)",4 GB RAM | 128 GB ROM | Expandable Upto 1 TB,8MP,50MP Rear Camera,5160 mAh Battery,0,17.48 cm (6.88 inch) HD+ Display,104.99000000000001,0
REDMI,"14C 5G (Stargaze Black, 64 GB)",4 GB RAM | 64 GB ROM | Expandable Upto 1 TB,8MP,50MP Rear Camera,5160 mAh Battery,0,17.48 cm (6.88 inch) HD+ Display,94.99,0
REDMI,"14C 5G (Starlight Blue, 64 GB)",4 GB RAM | 64 GB ROM | Expandable Upto 1 TB,8MP,50MP Rear Camera,5160 mAh Battery,0,17.48 cm (6.88 inch) HD+ Display,94.99,0
MOTOROLA,"Edge 60 Fusion 5G (PANTONE Zephyr, 256 GB)",12 GB RAM | 256 GB ROM | Expandable Upto 1 TB,32MP,50MP + 13MP,5500 mAh Battery,0,16.94 cm (6.67 inch) Display,249.99,0
Kechaoda,K115,32 MB RAM | 32 MB ROM | Expandable Upto 32 GB,0MP,0.3MP + 0MP,850 mAh Battery,0,3.66 cm (1.44 inch) QVGA Display,9.97,0
REDMI,"14C 5G (Stargaze Black, 128 GB)",4 GB RAM | 128 GB ROM | Expandable Upto 1 TB,8MP,50MP Rear Camera,5160 mAh Battery,0,17.48 cm (6.88 inch) HD+ Display,117.99000000000001,0
Tecno,"Pova 7 Pro 5G (Dynamic Grey, 256 GB)",8 GB RAM | 256 GB ROM,13MP,64MP + 8MP,6000 mAh Battery,0,17.22 cm (6.78 inch) Full HD+ AMOLED Display,187.49,0
MOTOROLA,"Signature (PANTONE Martini Olive, 1 TB)",16 GB RAM | 1 TB ROM,50MP,50MP + 50MP + 50MP,5200 mAh Battery,0,17.27 cm (6.8 inch) Super HD Display,699.99,0
CMF,"by Nothing Phone 1 (Blue, 128 GB)",8 GB RAM | 128 GB ROM | Expandable Upto 2 TB,16MP,50MP + 2MP,5000 mAh Battery,0,16.94 cm (6.67 inch) Full HD+ Display,179.99,0
CMF,"by Nothing Phone 1 (Light Green, 128 GB)",8 GB RAM | 128 GB ROM | Expandable Upto 2 TB,16MP,50MP + 2MP,5000 mAh Battery,0,16.94 cm (6.67 inch) Full HD+ Display,179.99,0
CMF,"by Nothing Phone 1 (Black, 128 GB)",8 GB RAM | 128 GB ROM | Expandable Upto 2 TB,16MP,50MP + 2MP,5000 mAh Battery,0,16.94 cm (6.67 inch) Full HD+ Display,179.99,0
CMF,"by Nothing Phone 1 (Black, 128 GB)",6 GB RAM | 128 GB ROM | Expandable Upto 2 TB,16MP,50MP + 2MP,5000 mAh Battery,0,16.94 cm (6.67 inch) Full HD+ Display,159.99,0
CMF,"by Nothing Phone 1 (Light Green, 128 GB)",6 GB RAM | 128 GB ROM | Expandable Upto 2 TB,16MP,50MP + 2MP,5000 mAh Battery,0,16.94 cm (6.67 inch) Full HD+ Display,159.99,0
Samsung,"Galaxy F70e 5G (Limelight Green, 128 GB)",4 GB RAM | 128 GB ROM | Expandable Upto 2 TB,8MP,50MP + 2MP,6000 mAh Li-ion Battery,0,17.12 cm (6.74 inch) HD+ Display,117.49000000000001,0
REDMI,"13c 5G (Starlight Black, 128 GB)",4 GB RAM | 128 GB ROM,,50MP Rear Camera,5000 mAh Battery,0,17.12 cm (6.74 inch) Display,124.99000000000001,0
Tecno,"Pova 7 Pro 5G (Geek Black, 128 GB)",8 GB RAM | 128 GB ROM,13MP,64MP + 8MP,6000 mAh Battery,0,17.22 cm (6.78 inch) Full HD+ AMOLED Display,177.49,0
REDMI,"14C 5G (Starlight Blue, 128 GB)",6 GB RAM | 128 GB ROM | Expandable Upto 1 TB,8MP,50MP Rear Camera,5160 mAh Battery,0,17.48 cm (6.88 inch) HD+ Display,121.8,0
OnePlus,"15R 5G (Mint Breeze, 256 GB)",12 GB RAM | 256 GB ROM,,50MP Rear Camera,7400 mAh Battery,0,17.35 cm (6.83 inch) Display,465.99,0
Samsung,"Galaxy M17 5G (Sapphire Black, 128 GB)",6 GB RAM | 128 GB ROM,,50MP Rear Camera,5000 mAh Battery,0,17.02 cm (6.7 inch) Display,152.9,0
Samsung,"Galaxy F36 5G (Red, 128 GB)",6 GB RAM | 128 GB ROM | Expandable Upto 2 TB,13MP,50MP + 8MP + 2MP,5000 mAh Battery,0,17.02 cm (6.7 inch) Full HD+ Display,159.99,0
itel,Ace2 Heera | King Talker | Auto Call Recording | Expendable Storage32GB,32 MB RAM | 32 MB ROM | Expandable Upto 32 GB,,1000 mAh Battery,1 year manufacturer Warranty,0,4.57 cm (1.8 inch) Display,8.65,0
realme,"C71 (Obsidian Black, 128 GB)",6 GB RAM | 128 GB ROM | Expandable Upto 2 TB,5MP,13MP Rear Camera,6300 mAh Battery,0,17.14 cm (6.75 inch) HD+ Display,96.99000000000001,0
Kechaoda,K115,32 MB RAM | 32 MB ROM | Expandable Upto 32 GB,0MP,0.3MP + 0MP,850 mAh Battery,0,3.66 cm (1.44 inch) QVGA Display,9.99,0
Kechaoda,K115,32 MB RAM | 32 MB ROM | Expandable Upto 32 GB,0MP,0.3MP + 0MP,850 mAh Battery,0,3.66 cm (1.44 inch) QVGA Display,9.99,0
LAVA,"Bold N1 Pro (Titanium Gold, 128 GB)",4 GB RAM | 128 GB ROM,,50MP Rear Camera,5000 mAh Battery,0,16.76 cm (6.6 inch) Display,83.9,0
realme,"P4 5G (Forge Red, 256 GB)",8 GB RAM | 256 GB ROM,16MP,50MP + 8MP,7000 mAh Battery,0,17.2 cm (6.77 inch) Display,239.99,0
realme,"P4 5G (Engine Blue, 256 GB)",8 GB RAM | 256 GB ROM,16MP,50MP + 8MP,7000 mAh Battery,0,17.2 cm (6.77 inch) Display,239.99,0
realme,"P4 5G (Steel Grey, 256 GB)",8 GB RAM | 256 GB ROM,16MP,50MP + 8MP,7000 mAh Battery,0,17.2 cm (6.77 inch) Display,239.99,0
realme,"14 Pro+ 5G (Emerald Drift, 256 GB)",8 GB RAM | 256 GB ROM,32MP,50MP + 50MP + 8MP,6000 mAh Battery,0,17.35 cm (6.83 inch) Display,249.99,0
Jmax,NANO,32 MB RAM | 32 MB ROM,,0.3MP Rear Camera,800 mAh Battery,0,1.68 cm (0.66 inch) Display,8.790000000000001,0
Nokia,"130 Music Dual Sim with Music Player, Dedicated Music Buttons",4 MB RAM | 4 MB ROM,,0MP Front Camera,1450 mAh Battery,0,6.1 cm (2.4 inch) Display,18.89,0
realme,"14 Pro+ 5G (Pearl White, 512 GB)",12 GB RAM | 512 GB ROM,32MP,50MP + 50MP + 8MP,6000 mAh Battery,0,17.35 cm (6.83 inch) Display,379.99,0
Ai+,"Nova 5G (Sparkle Red, 128 GB)",8 GB RAM | 128 GB ROM | Expandable Upto 1 TB,5MP,50MP Rear Camera,5000 mAh Battery,0,17.13 cm (6.745 inch) HD+ Display,99.99000000000001,0
realme,"15T 5G (Silk Blue, 256 GB)",12 GB RAM | 256 GB ROM,50MP,50MP + 2MP,7000 mAh Battery,0,16.69 cm (6.57 inch) Full HD Display,269.99,0
Tecno,"Spark Go 2 (Titanium Grey, 64 GB)",3 GB RAM | 64 GB ROM | Expandable Upto 1 TB,,13MP Rear Camera,5000 mAh Lithium Polymer Battery,0,16.94 cm (6.67 inch) Display,66.99,0
Samsung,"Galaxy F70e 5G (Limelight Green, 128 GB)",4 GB RAM | 128 GB ROM | Expandable Upto 2 TB,8MP,50MP + 2MP,6000 mAh Li-ion Battery,0,17.12 cm (6.74 inch) HD+ Display,117.49000000000001,0
Kechaoda,K33,32 MB RAM | 32 GB ROM | Expandable Upto 32 MB,0MP,0.3MP + 0MP,800 mAh Battery,0,3.66 cm (1.44 inch) NA Display,9.98,0
Samsung,"Galaxy A06 5G (Light Gray, 128 GB)",4 GB RAM | 128 GB ROM | Expandable Upto 1 TB,2MP + 2MP Dual,50MP + 50MP,5000 mAh Battery,0,17.02 cm (6.7 inch) HD+ Display,116.36,0
MOTOROLA,"G86 Power 5G (Pantone Spellbound, 128 GB)",8 GB RAM | 128 GB ROM | Expandable Upto 1 TB,32MP,50MP + 8MP,6720 mAh Battery,0,17.02 cm (6.7 inch) Super HD Display,179.99,0
itel,Ace2 Heera | King Talker | Auto Call Recording | Expendable Storage32GB,32 MB RAM | 32 MB ROM | Expandable Upto 32 GB,,1000 mAh Battery,1 year manufacturer Warranty,0,4.57 cm (1.8 inch) Display,8.65,0
LAVA,"Storm Lite 5G (Cosmic Titanium, 64 GB)",4 GB RAM | 64 GB ROM,,50MP Rear Camera,5000 mAh Battery,0,16.76 cm (6.6 inch) Display,90.29,0
MOTOROLA,"Edge 60 Pro (Pantone Sparkling Grape, 512 GB)",16 GB RAM | 512 GB ROM,50MP,50MP + 50MP + 10MP,6000 mAh Battery,0,17.02 cm (6.7 inch) Display,379.99,0
realme,"15 Pro 5G (Velvet Green, 256 GB)",12 GB RAM | 256 GB ROM,50MP,50MP + 50MP,7000 mAh Battery,0,17.27 cm (6.8 inch) Display,359.99,0
realme,"15 Pro 5G (Silk Purple, 256 GB)",8 GB RAM | 256 GB ROM,50MP,50MP + 50MP,7000 mAh Battery,0,17.27 cm (6.8 inch) Display,339.99,0
realme,"15 Pro 5G (Flowing Silver, 256 GB)",8 GB RAM | 256 GB ROM,50MP,50MP + 50MP,7000 mAh Battery,0,17.27 cm (6.8 inch) Display,339.99,0
realme,"15 Pro 5G (Velvet Green, 256 GB)",8 GB RAM | 256 GB ROM,50MP,50MP + 50MP,7000 mAh Battery,0,17.27 cm (6.8 inch) Display,339.99,0
HOTLINE,CLASSIC PRO,32 MB RAM | 32 MB ROM | Expandable Upto 16 GB,0MP,1.3MP + 0MP,1100 mAh Battery,0,4.57 cm (1.8 inch) NA Display,4.61,0
MOTOROLA,"Edge 50 (Peach Fuzz, 256 GB)",8 GB RAM | 256 GB ROM,32MP,50MP + 13MP + 10MP,5000 mAh Battery,0,16.94 cm (6.67 inch) Display,219.99,0
Tecno,"Spark Go 2 (Veil White, 64 GB)",4 GB RAM | 64 GB ROM | Expandable Upto 1 TB,,13MP Rear Camera,5000 mAh Lithium Polymer Battery,0,16.94 cm (6.67 inch) Display,74.99,0
realme,"15T 5G (Silk Blue, 256 GB)",8 GB RAM | 256 GB ROM,50MP,50MP + 2MP,7000 mAh Battery,0,16.69 cm (6.57 inch) Full HD Display,249.99,0
REDMI,"13 5G (Hawaiian Blue, 128 GB)",6 GB RAM | 128 GB ROM,,108MP Rear Camera,5030 mAh Battery,0,17.25 cm (6.79 inch) Full HD+ Display,139.89000000000001,0
REDMI,"13C 5G (Startrail Green, 128 GB)",6 GB RAM | 128 GB ROM | Expandable Upto 1 TB,5MP,50MP Rear Camera,5000 mAh Battery,0,17.12 cm (6.74 inch) HD+ Display,112.99000000000001,0
Kechaoda,K115,32 MB RAM | 32 MB ROM | Expandable Upto 32 GB,0MP,0.3MP + 0MP,850 mAh Battery,0,3.66 cm (1.44 inch) QVGA Display,9.99,0
Kechaoda,K115,32 MB RAM | 32 MB ROM | Expandable Upto 32 GB,0MP,0.3MP + 0MP,850 mAh Battery,0,3.66 cm (1.44 inch) QVGA Display,9.8,0
Samsung,"Galaxy S24 FE 5G (Blue, 256 GB)",8 GB RAM | 256 GB ROM,10MP,50MP + 12MP + 8MP,4700 mAh Battery,0,17.02 cm (6.7 inch) Full HD+ Display,459.99,0
itel,Ace 3 Shine,4 MB RAM | 4 MB ROM,,1000 mAh Battery,1 year manufacturer Warranty,0,4.57 cm (1.8 inch) NA Display,8.99,0
OPPO,"K14x 5G (Prism Violet, 128 GB)",4 GB RAM | 128 GB ROM,5MP; f/2.2; FOV 77°; 3P lens,50MP + 2MP,6500 mAh Battery,0,17.14 cm (6.75 inch) HD+ Display,149.99,0
Samsung,"Galaxy F70e 5G (Limelight Green, 128 GB)",4 GB RAM | 128 GB ROM | Expandable Upto 2 TB,8MP,50MP + 2MP,6000 mAh Li-ion Battery,0,17.12 cm (6.74 inch) HD+ Display,117.49000000000001,0
OPPO,"K13 Turbo 5G (Midnight Maverick, 128 GB)",8 GB RAM | 128 GB ROM,16MP,50MP + 2MP,7000 mAh Battery,0,17.27 cm (6.8 inch) Full HD+ Display,279.99,0
POCO,"X7 Pro 5G (Yellow, 256 GB)",8 GB RAM | 256 GB ROM,20MP,50MP + 8MP,6550 mAh Battery,0,16.94 cm (6.67 inch) Display,219.99,0
realme,"P2 Pro 5G (Parrot Green, 128 GB)",8 GB RAM | 128 GB ROM,32MP,50MP + 8MP,5200 mAh Battery,0,17.02 cm (6.7 inch) Full HD+ Display,179.99,0
IQOO,"Neo 10R 5G (Raging Blue, 256 GB)",12 GB RAM | 256 GB ROM,,50MP Rear Camera,6400 mAh Battery,0,17.22 cm (6.78 inch) Display,329.90000000000003,0
REDMI,"14C 5G (Stardust Purple, 128 GB)",4 GB RAM | 128 GB ROM | Expandable Upto 1 TB,8MP,50MP Rear Camera,5160 mAh Battery,0,17.48 cm (6.88 inch) HD+ Display,104.99000000000001,0
REDMI,"13c 5G (Startrail Green, 128 GB)",4 GB RAM | 128 GB ROM,,50MP Rear Camera,5000 mAh Battery,0,17.12 cm (6.74 inch) Display,96.54,0
REDMI,"14C 5G (Stardust Purple, 64 GB)",4 GB RAM | 64 GB ROM | Expandable Upto 1 TB,8MP,50MP Rear Camera,5160 mAh Battery,0,17.48 cm (6.88 inch) HD+ Display,91.19,0
Nothing,"Phone (2a) Plus (Grey, 256 GB)",8 GB RAM | 256 GB ROM,50MP,50MP + 50MP,5000 mAh Battery,0,17.02 cm (6.7 inch) Full HD+ Display,279.99,0
vivo,"Y31 5G (Diamond Green, 128 GB)",6 GB RAM | 128 GB ROM,8MP,50MP + 0.08MP,6500 mAh Battery,0,16.97 cm (6.68 inch) Full HD+ Display,184.99,0
POCO,"X7 5G (Cosmic Silver, 128 GB)",8 GB RAM | 128 GB ROM,20MP,50MP + 8MP + 2MP,5500 mAh Battery,0,16.94 cm (6.67 inch) Display,179.99,0
POCO,"C85 5G (Mystic Purple, 128 GB)",4 GB RAM | 128 GB ROM | Expandable Upto 1 TB,8MP,50MP Rear Camera,6000 mAh Lithium-Ion Polymer Battery,0,17.53 cm (6.9 inch) HD+ Display,109.99000000000001,0
Motorola,"Edge 50 Pro 5G with 68W Charger (Luxe Lavender, 256 GB)",8 GB RAM | 256 GB ROM,50MP,50MP + 13MP + 10MP,4500 mAh Battery,0,17.02 cm (6.7 inch) Display,279.99,0
Samsung,"M36 5G (Velvet Black / Black, 128 GB)",6 GB RAM | 128 GB ROM,,50MP Rear Camera,5000 mAh Battery,0,17.02 cm (6.7 inch) Display,167.51,0
Apple,"iPhone 16 Plus (White, 256 GB)",256 GB ROM,12MP,48MP + 12MP,"A18 Chip, 6 Core Processor Processor",0,17.02 cm (6.7 inch) Super Retina XDR Display,849.0,0
REDMI,"15C 5G (Moonlight Blue, 128 GB)",6 GB RAM | 128 GB ROM,,50MP Rear Camera,6000 mAh Battery,0,17.53 cm (6.9 inch) Display,140.79,0
realme,"Narzo 80 Pro 5G (Speed Silver, 256 GB)",8 GB RAM | 256 GB ROM,,50MP Rear Camera,6000 mAh Battery,0,17.2 cm (6.77 inch) Display,197.79,0
Tecno,"Spark Go 1 (Magic Skin Green, 64 GB)",3 GB RAM | 64 GB ROM | Expandable Upto 1 TB,8MP,13MP Rear Camera,5000 mAh Battery,0,16.94 cm (6.67 inch) Display,68.99,0
Samsung,"Galaxy M06 5G (Blazing Black, 64 GB)",4 GB RAM | 64 GB ROM,,50MP Rear Camera,5000 mAh Battery,0,17.02 cm (6.7 inch) Display,94.8,0
Kechaoda,K115,32 MB RAM | 32 GB ROM | Expandable Upto 32 MB,0MP,0.3MP + 0MP,850 mAh Battery,0,3.66 cm (1.44 inch) NA Display,9.99,0
OPPO,"K14x 5G (Prism Violet, 128 GB)",4 GB RAM | 128 GB ROM,5MP; f/2.2; FOV 77°; 3P lens,50MP + 2MP,6500 mAh Battery,0,17.14 cm (6.75 inch) HD+ Display,149.99,0
POCO,"M7 Plus 5G (Chrome Silver, 128 GB)",6 GB RAM | 128 GB ROM | Expandable Upto 2 TB,,50MP AI Dual Camera,7000 mAh Battery,0,17.53 cm (6.9 inch) Display,139.99,0
Samsung,"Galaxy F70e 5G (Limelight Green, 128 GB)",4 GB RAM | 128 GB ROM | Expandable Upto 2 TB,8MP,50MP + 2MP,6000 mAh Li-ion Battery,0,17.12 cm (6.74 inch) HD+ Display,117.49000000000001,0
realme,"P4x 5G (Lake Green, 128 GB)",6 GB RAM | 128 GB ROM,8MP,50MP + 2MP,7000 mAh Battery,0,17.07 cm (6.72 inch) Full HD+ Display,164.99,0
OnePlus,"Nord CE4 (Dark Chrome, 256 GB)",8 GB RAM | 256 GB ROM,,50MP Rear Camera,5500 mAh Battery,0,17.02 cm (6.7 inch) Display,210.3,0
realme,"15T 5G (Suit Titanium, 256 GB)",8 GB RAM | 256 GB ROM,50MP,50MP + 2MP,7000 mAh Battery,0,16.69 cm (6.57 inch) Full HD Display,249.99,0
Tecno,"Pova Slim 5G (Slim White, 128 GB)",8 GB RAM | 128 GB ROM,13MP,50MP + 2MP,5160 mAh Battery,0,17.22 cm (6.78 inch) Display,209.99,0
POCO,"C61  - Locked with Airtel Prepaid (Mystical Green, 64 GB)",4 GB RAM | 64 GB ROM | Expandable Upto 1 TB,5MP,8MP Rear Camera,5000 mAh Battery,0,17.04 cm (6.71 inch) HD+ Display,74.99,0
Samsung,"Galaxy A16 5G (Gold, 128 GB)",6 GB RAM | 128 GB ROM,13MP,50MP + 5MP + 2MP,5000 mAh Battery,0,17.02 cm (6.7 inch) Full HD+ Display,198.99,0
REDMI,"A5 (Just Black, 64 GB)",3 GB RAM | 64 GB ROM | Expandable Upto 2 TB,8MP,32MP Rear Camera,5200 mAh Battery,0,17.48 cm (6.88 inch) HD+ Display,79.99,0
OnePlus,"12 (Glacial White, 256 GB)",12 GB RAM | 256 GB ROM,,50MP Rear Camera,5400 mAh Battery,0,17.32 cm (6.82 inch) Full HD+ AMOLED Display,444.99,0
Acer,"Super ZX 5G (Carbon Black,, 128 GB)",6 GB RAM | 128 GB ROM,,64MP Rear Camera,5000 mAh Battery,0,17.02 cm (6.7 inch) Display,101.98,0
Ai+,"Pulse (Blue, 128 GB)",6 GB RAM | 128 GB ROM | Expandable Upto 1 TB,5MP,50MP Rear Camera,5000 mAh Battery,0,17.13 cm (6.745 inch) HD+ Display,74.99,0
realme,"Gt 7 (Icesense Black, 256 GB)",8 GB RAM | 256 GB ROM,32MP + 32MP Dual,50MP + 50MP + 50MP + 8MP,7000 mAh Battery,0,17.22 cm (6.78 inch) Full HD+ AMOLED Display,349.99,0
OPPO,"A59 5G (Starry Black, 128 GB)",6 GB RAM | 128 GB ROM | Expandable Upto 1 TB,8MP,13MP + 2MP,5000 mAh Battery,0,16.66 cm (6.56 inch) HD+ Display,199.99,0
REDMI,"Note 14 5G (Phantom Purple, 256 GB)",8 GB RAM | 256 GB ROM,,50MP Rear Camera,5110 mAh Battery,0,16.94 cm (6.67 inch) Display,189.74,0
vivo,"Y31 5G (Diamond Green, 128 GB)",6 GB RAM | 128 GB ROM,8MP,50MP + 0.08MP,6500 mAh Battery,0,16.97 cm (6.68 inch) Full HD+ Display,184.99,0
Tecno,"Spark Go 1 (Glittery White, 64 GB)",3 GB RAM | 64 GB ROM | Expandable Upto 1 TB,8MP,13MP Rear Camera,5000 mAh Battery,0,16.94 cm (6.67 inch) Display,68.99,0
REDMI,"Note 14 5G (Titan Black, 256 GB)",8 GB RAM | 256 GB ROM,,50MP Rear Camera,5110 mAh Battery,0,16.94 cm (6.67 inch) Display,194.9,0
Jmax,NANO,32 MB RAM | 32 MB ROM,,0.3MP Rear Camera,800 mAh Battery,0,1.68 cm (0.66 inch) Display,8.790000000000001,0
Samsung,"Galaxy F70e 5G (Limelight Green, 128 GB)",4 GB RAM | 128 GB ROM | Expandable Upto 2 TB,8MP,50MP + 2MP,6000 mAh Li-ion Battery,0,17.12 cm (6.74 inch) HD+ Display,117.49000000000001,0
vivo,"Y31 Pro 5G (Mocha Brown, 256 GB)",8 GB RAM | 256 GB ROM,8MP,50MP + 2MP,6500 mAh Battery,0,17.07 cm (6.72 inch) Full HD+ Display,219.99,0
realme,"15x 5G (Maroon Red, 128 GB)",6 GB RAM | 128 GB ROM | Expandable Upto 2 TB,50MP,50MP Rear Camera,7000 mAh Battery,0,17.27 cm (6.8 inch) Display,189.99,0
realme,"P4x 5G (Lake Green, 128 GB)",6 GB RAM | 128 GB ROM,8MP,50MP + 2MP,7000 mAh Battery,0,17.07 cm (6.72 inch) Full HD+ Display,164.99,0
IQOO,"Neo 10R 5G (MoonKnight Titanium, 256 GB)",8 GB RAM | 256 GB ROM,,50MP Rear Camera,6400 mAh Battery,0,17.22 cm (6.78 inch) Display,309.45,0
Nothing,"Phone (3a) (Blue, 128 GB)",8 GB RAM | 128 GB ROM,32MP,50MP (Main) + 50MP (2X Tele Photo) + 8MP (Ultra-Wide),5000 mAh Battery,0,43.66 cm (17.19 cm) Full HD+ Display,249.99,0
Nothing,"Phone (3a) (Black, 128 GB)",8 GB RAM | 128 GB ROM,32MP,50MP (Main) + 50MP (2X Tele Photo) + 8MP (Ultra-Wide),5000 mAh Battery,0,43.66 cm (17.19 cm) Full HD+ Display,249.99,0
Samsung,"M56 5G (Light Green, 128 GB)",8 GB RAM | 128 GB ROM,,50MP Rear Camera,5000 mAh Battery,0,17.02 cm (6.7 inch) Display,218.0,0
HOTLINE,H310,32 MB RAM | 32 MB ROM,,0.3MP Rear Camera,1000 mAh Battery,0,4.57 cm (1.8 inch) Display,4.99,0
Samsung,"M36 5G (Velvet Black / Black, 128 GB)",6 GB RAM | 128 GB ROM,,50MP Rear Camera,5000 mAh Battery,0,17.02 cm (6.7 inch) Display,167.51,0
REDMI,"15 5G (Frosted White, 128 GB)",8 GB RAM | 128 GB ROM,,50MP Rear Camera,7000 mAh Battery,0,17.53 cm (6.9 inch) Display,161.99,0
vivo,"Y31 Pro 5G (Dreamy White, 128 GB)",8 GB RAM | 128 GB ROM,8MP,50MP + 2MP,6500 mAh Battery,0,17.07 cm (6.72 inch) Full HD+ Display,199.99,0
POCO,"M7 Pro 5G (Olive Twilight, 256 GB)",8 GB RAM | 256 GB ROM,20MP,50MP + 2MP,5110 mAh Battery,0,16.94 cm (6.67 inch) Full HD+ Display,154.99,0
vivo,"Y31 Pro 5G (Dreamy White, 256 GB)",8 GB RAM | 256 GB ROM,8MP,50MP + 2MP,6500 mAh Battery,0,17.07 cm (6.72 inch) Full HD+ Display,219.99,0
Kechaoda,K28,32 MB RAM | 64 MB ROM | Expandable Upto 16 GB,,0.3MP Rear Camera,1700 mAh Battery,0,6.1 cm (2.4 inch) QVGA Display,12.49,0
LAVA,"Storm Lite 5G (Astral Blue,, 64 GB)",4 GB RAM | 64 GB ROM,,50MP Rear Camera,5000 mAh Battery,0,16.76 cm (6.6 inch) Display,90.29,0
vivo,"Y31 5G (Rose Red, 128 GB)",4 GB RAM | 128 GB ROM,8MP,50MP + 0.08MP,6500 mAh Battery,0,16.97 cm (6.68 inch) Full HD+ Display,169.99,0
itel,Ace2 Power,32 MB RAM | 32 MB ROM | Expandable Upto 32 GB,,2500 mAh Battery,"12+1 Months Domestic Warranty for device
6 months for accessories",0,4.57 cm (1.8 inch) Display,13.99,0
realme,"Gt 7 (Icesense Blue, 512 GB)",12 GB RAM | 512 GB ROM,32MP + 32MP Dual,50MP + 50MP + 50MP + 8MP,7000 mAh Battery,0,17.22 cm (6.78 inch) Full HD+ AMOLED Display,409.99,0
POCO,"C61  - Locked with Airtel Prepaid (Ethereal Blue, 64 GB)",4 GB RAM | 64 GB ROM | Expandable Upto 1 TB,5MP,8MP Rear Camera,5000 mAh Battery,0,17.04 cm (6.71 inch) HD+ Display,74.99,0
leysky,kechaoda Tripple Sim,32 MB RAM | 32 MB ROM | Expandable Upto 16 GB,0.2MP,0.3MP + 0.3MP,4500 mAh Battery,0,6.1 cm (2.4 inch) VGA Display,17.990000000000002,0
Samsung,"Galaxy F70e 5G (Limelight Green, 128 GB)",4 GB RAM | 128 GB ROM | Expandable Upto 2 TB,8MP,50MP + 2MP,6000 mAh Li-ion Battery,0,17.12 cm (6.74 inch) HD+ Display,117.49000000000001,0
IQOO,"15 5G (Legend, 512 GB)",16 GB RAM | 512 GB ROM,,50MP Rear Camera,7000 mAh Battery,0,17.4 cm (6.85 inch) Display,779.0,0
IQOO,"15 5G (Alpha, 512 GB)",16 GB RAM | 512 GB ROM,,50MP Rear Camera,7000 mAh Battery,0,17.4 cm (6.85 inch) Display,780.0,0
realme,"P4x 5G (Lake Green, 128 GB)",6 GB RAM | 128 GB ROM,8MP,50MP + 2MP,7000 mAh Battery,0,17.07 cm (6.72 inch) Full HD+ Display,164.99,0
hmd,"105 Dual Sim Keypad Phone with Built-in UPI App, Wireless FM Radio",4 MB RAM | 4 MB ROM | Expandable Upto 32 GB,,1000 mAh Battery,SC6531E Processor,0,5.08 cm (2 inch) Display,10.09,0
realme,"P4x 5G (Matte Silver, 256 GB)",8 GB RAM | 256 GB ROM,8MP,50MP + 2MP,7000 mAh Battery,0,17.07 cm (6.72 inch) Full HD+ Display,189.99,0
Samsung,"Galaxy A55 5G (Awesome Navy, 128 GB)",8 GB RAM | 128 GB ROM | Expandable Upto 1 TB,32MP,50MP + 12MP + 5MP,5000 mAh Battery,0,16.76 cm (6.6 inch) Full HD+ Display,274.48,0
realme,"14x 5G (Crystal Black, 128 GB)",6 GB RAM | 128 GB ROM | Expandable Upto 2 TB,8MP,50MP Rear Camera,6000 mAh Battery,0,16.94 cm (6.67 inch) HD+ Display,149.95000000000002,0
Tecno,"Spark Go 1 (Lime Green, 64 GB)",3 GB RAM | 64 GB ROM | Expandable Upto 1 TB,8MP,13MP Rear Camera,5000 mAh Battery,0,16.94 cm (6.67 inch) Display,68.99,0
realme,"Narzo 80 Pro 5G (Racing Green, 256 GB)",8 GB RAM | 256 GB ROM,,50MP Rear Camera,6000 mAh Battery,0,17.2 cm (6.77 inch) Display,194.94,0
itel,it5330 | 2.8 inch Big Display | 1900 mAh Battery | Kingvoice,32 MB RAM | 32 MB ROM | Expandable Upto 32 GB,0MP,0.8MP + 0MP,1900 mAh Battery,0,7.11 cm (2.8 inch) Quarter QVGA Display,17.990000000000002,0
itel,it5330 | 2.8 inch Big Display | 1900 mAh Battery | Kingvoice,32 MB RAM | 32 MB ROM | Expandable Upto 32 GB,0MP,0.8MP + 0MP,1900 mAh Battery,0,7.11 cm (2.8 inch) Quarter QVGA Display,17.990000000000002,0
itel,it5330 | 2.8 inch Big Display | 1900 mAh Battery | Kingvoice,32 MB RAM | 32 MB ROM | Expandable Upto 32 GB,0MP,0.8MP + 0MP,1900 mAh Battery,0,7.11 cm (2.8 inch) Quarter QVGA Display,17.990000000000002,0
REDMI,"Note 15 5G (Black, 128 GB)",8 GB RAM | 128 GB ROM,,108MP Rear Camera,5520 mAh Battery,0,17.2 cm (6.77 inch) Display,219.73000000000002,0
Samsung,Guru Music 2,10 MB RAM | 10 MB ROM,,1100 mAh Battery,1 year seller domestic warranty,0,5.08 cm (2 inch) Display,8.69,0
vivo,"Y31 5G (Rose Red, 128 GB)",6 GB RAM | 128 GB ROM,8MP,50MP + 0.08MP,6500 mAh Battery,0,16.97 cm (6.68 inch) Full HD+ Display,184.99,0
HOTLINE,H310,32 MB RAM | 32 MB ROM,,0.3MP Rear Camera,1000 mAh Battery,0,4.57 cm (1.8 inch) Display,4.99,0
IQOO,"Neo 10R 5G (Raging Blue, 256 GB)",12 GB RAM | 256 GB ROM,,50MP Rear Camera,6400 mAh Battery,0,17.22 cm (6.78 inch) Display,329.90000000000003,0
realme,"P2 Pro 5G (Parrot Green, 512 GB)",12 GB RAM | 512 GB ROM,32MP,50MP + 8MP,5200 mAh Battery,0,17.02 cm (6.7 inch) Full HD+ Display,239.99,0
REDMI,"15 5G (Sandy Purple, 128 GB)",8 GB RAM | 128 GB ROM,,50MP Rear Camera,7000 mAh Battery,0,17.53 cm (6.9 inch) Display,162.48,0
Kechaoda,K115,32 MB RAM | 32 MB ROM | Expandable Upto 32 GB,0MP,0.3MP + 0MP,850 mAh Battery,0,3.66 cm (1.44 inch) QVGA Display,9.08,0
Nothing,"Phone (3a) (Blue, 256 GB)",8 GB RAM | 256 GB ROM,32MP,50MP (Main) + 50MP (2X Tele Photo) + 8MP (Ultra-Wide),5000 mAh Battery,0,43.66 cm (17.19 cm) Full HD+ Display,269.99,0
Samsung,"Galaxy F70e 5G (Limelight Green, 128 GB)",4 GB RAM | 128 GB ROM | Expandable Upto 2 TB,8MP,50MP + 2MP,6000 mAh Li-ion Battery,0,17.12 cm (6.74 inch) HD+ Display,117.49000000000001,0
realme,"P4x 5G (Lake Green, 128 GB)",6 GB RAM | 128 GB ROM,8MP,50MP + 2MP,7000 mAh Battery,0,17.07 cm (6.72 inch) Full HD+ Display,164.99,0
Acer,"Super ZX 5G (Carbon Black, 128 GB)",4 GB RAM | 128 GB ROM,,64MP Rear Camera,5000 mAh Battery,0,17.02 cm (6.7 inch) Display,81.99,0
LAVA,"Bold N1 Pro (Stealth Black, 128 GB)",4 GB RAM | 128 GB ROM,,50MP Rear Camera,5000 mAh Battery,0,16.76 cm (6.6 inch) Display,83.42,0
Samsung,"Galaxy M35 5G (DayBreak Blue, 128 GB)",8 GB RAM | 128 GB ROM,,50MP Rear Camera,6000 mAh Battery,0,16.76 cm (6.6 inch) Display,197.6,0
Samsung,"Galaxy F16 5G (Glam Green, 128 GB)",6 GB RAM | 128 GB ROM,13MP,50MP + 5MP + 2MP,5000 mAh Battery,0,16.91 cm (6.657 inch) Full HD+ Display,139.99,0
Kechaoda,K115,32 MB RAM | 32 GB ROM | Expandable Upto 32 MB,0MP,0.3MP + 0MP,850 mAh Battery,0,3.66 cm (1.44 inch) NA Display,9.99,0
hmd,"Touch 4G Dual Sim Feature Phone, Cloud Phone Apps, Wi-Fi & Hotspot (Dark Blue, 128 MB)",4 MB RAM | 128 MB ROM,,2MP Rear Camera,1950 mAh Battery,0,8.13 cm (3.2 inch) Display,42.74,0
vivo,"Y31 Pro 5G (Mocha Brown, 128 GB)",8 GB RAM | 128 GB ROM,8MP,50MP + 2MP,6500 mAh Battery,0,17.07 cm (6.72 inch) Full HD+ Display,199.99,0
realme,"Gt 7 (Icesense Blue, 256 GB)",12 GB RAM | 256 GB ROM,32MP + 32MP Dual,50MP + 50MP + 50MP + 8MP,7000 mAh Battery,0,17.22 cm (6.78 inch) Full HD+ AMOLED Display,369.99,0
LAVA,A5 2025,4 MB RAM | 24 MB ROM | Expandable Upto 32 GB,0MP,0.3MP + 0MP,1200 mAh Battery,0,6.1 cm (2.4 inch) HVGA Display,12.08,0
vivo,"V60 5G (Moonlit Blue, 512 GB)",16 GB RAM | 512 GB ROM,50MP,50MP + 8MP + 50MP,6500 mAh Battery,0,17.2 cm (6.77 inch) Display,459.99,0
vivo,"V60 5G (Mist Gray, 512 GB)",16 GB RAM | 512 GB ROM,50MP,50MP + 8MP + 50MP,6500 mAh Battery,0,17.2 cm (6.77 inch) Display,459.99,0
Motorola,"Edge 50 Pro 5G with 68W Charger (Black Beauty, 256 GB)",8 GB RAM | 256 GB ROM,50MP,50MP + 13MP + 10MP,4500 mAh Battery,0,17.02 cm (6.7 inch) Display,279.99,0
REDMI,"13 5G (Black Diamond, 128 GB)",8 GB RAM | 128 GB ROM,,108MP Rear Camera,5030 mAh Battery,0,17.25 cm (6.79 inch) Display,145.93,0
Samsung,"Galaxy A06 5G (Light Gray, 64 GB)",4 GB RAM | 64 GB ROM | Expandable Upto 1 TB,8MP + 2MP Dual,50MP + 50MP,5000 mAh Battery,0,17.02 cm (6.7 inch) HD+ Display,104.79,0
vivo,"V60 5G (Auspicious Gold, 256 GB)",12 GB RAM | 256 GB ROM,50MP,50MP + 8MP + 50MP,6500 mAh Battery,0,17.2 cm (6.77 inch) Display,409.99,0
vivo,"V60 5G (Moonlit Blue, 256 GB)",12 GB RAM | 256 GB ROM,50MP,50MP + 8MP + 50MP,6500 mAh Battery,0,17.2 cm (6.77 inch) Display,409.99,0
realme,"Narzo 80 Pro 5G (Speed Silver, 256 GB)",12 GB RAM | 256 GB ROM,,50MP Rear Camera,6000 mAh Battery,0,17.2 cm (6.77 inch) Display,227.75,0
vivo,"V60 5G (Auspicious Gold, 256 GB)",8 GB RAM | 256 GB ROM,50MP,50MP + 8MP + 50MP,6500 mAh Battery,0,17.2 cm (6.77 inch) Display,389.99,0
REDMI,"13c 5G (Startrail Silver, 128 GB)",6 GB RAM | 128 GB ROM,,50MP Rear Camera,5000 mAh Battery,0,17.12 cm (6.74 inch) Display,139.9,0
OPPO,"K14x 5G (Prism Violet, 128 GB)",4 GB RAM | 128 GB ROM,5MP; f/2.2; FOV 77°; 3P lens,50MP + 2MP,6500 mAh Battery,0,17.14 cm (6.75 inch) HD+ Display,149.99,0
Samsung,"Galaxy F70e 5G (Limelight Green, 128 GB)",4 GB RAM | 128 GB ROM | Expandable Upto 2 TB,8MP,50MP + 2MP,6000 mAh Li-ion Battery,0,17.12 cm (6.74 inch) HD+ Display,117.49000000000001,0
Ai+,"Nova 5G (Purple, 128 GB)",8 GB RAM | 128 GB ROM | Expandable Upto 1 TB,5MP,50MP Rear Camera,5000 mAh Battery,0,17.13 cm (6.745 inch) HD+ Display,99.99000000000001,0
vivo,"T3 5G (Cosmic Blue, 256 GB)",8 GB RAM | 256 GB ROM,16MP,50MP + 2MP,5000 mAh Battery,0,16.94 cm (6.67 inch) Full HD+ Display,204.99,0
vivo,"T3 5G (Crystal Flake, 128 GB)",8 GB RAM | 128 GB ROM,16MP,50MP + 2MP,5000 mAh Battery,0,16.94 cm (6.67 inch) Full HD+ Display,184.99,0
vivo,"T3 5G (Cosmic Blue, 128 GB)",8 GB RAM | 128 GB ROM,16MP,50MP + 2MP,5000 mAh Battery,0,16.94 cm (6.67 inch) Full HD+ Display,184.99,0
OnePlus,"11 5G (Eternal Green, 128 GB)",8 GB RAM | 128 GB ROM,16MP,50MP Rear Camera,5000 mAh Battery,0,17.02 cm (6.7 inch) Display,321.25,0
Acer,"Super ZX 5G (Lunar Blue, 128 GB)",8 GB RAM | 128 GB ROM,,64MP Rear Camera,5000 mAh Battery,0,17.02 cm (6.7 inch) Display,119.99000000000001,0
REDMI,"15C 5G (Midnight Black, 128 GB)",4 GB RAM | 128 GB ROM,,50MP Rear Camera,6000 mAh Battery,0,17.53 cm (6.9 inch) Display,123.60000000000001,0
Samsung,Guru 1200 | Basic Mobile Phone with Long Battery Life,4 GB RAM | 10 MB ROM,,800 mAh Battery,1 Year Manufacturer Warranty,0,5.08 cm (2 inch) Display,7.99,0
Samsung,"Galaxy F16 5G (Vibing Blue, 128 GB)",8 GB RAM | 128 GB ROM,13MP,50MP + 5MP + 2MP,5000 mAh Battery,0,16.91 cm (6.657 inch) Full HD+ Display,154.99,0
OnePlus,"13R 5g (Astral Trail, 256 GB)",12 GB RAM | 256 GB ROM,,50MP Rear Camera,6000 mAh Battery,0,17.22 cm (6.78 inch) Display,389.99,0
OnePlus,"13R 5G (Nebula Noir, 256 GB)",12 GB RAM | 256 GB ROM,,50MP Rear Camera,6000 mAh Battery,0,17.22 cm (6.78 inch) Display,389.99,0
IQOO,"Neo 10R 5G (Raging Blue, 256 GB)",8 GB RAM | 256 GB ROM,,50MP Rear Camera,6400 mAh Battery,0,17.22 cm (6.78 inch) Display,317.8,0
Tecno,"Pova Slim 5G (Sky Blue, 128 GB)",8 GB RAM | 128 GB ROM,13MP,50MP + 2MP,5160 mAh Battery,0,17.22 cm (6.78 inch) Display,209.99,0
REDMI,"15C 5G (Moonlight Blue, 128 GB)",4 GB RAM | 128 GB ROM,,50MP Rear Camera,6000 mAh Battery,0,17.53 cm (6.9 inch) Display,122.9,0
REDMI,"A5 (Pondicherry Blue, 128 GB)",4 GB RAM | 128 GB ROM | Expandable Upto 2 TB,8MP,32MP Rear Camera,5200 mAh Battery,0,17.48 cm (6.88 inch) HD+ Display,89.99,0
realme,"Gt 7 (Icesense Black, 256 GB)",12 GB RAM | 256 GB ROM,32MP + 32MP Dual,50MP + 50MP + 50MP + 8MP,7000 mAh Battery,0,17.22 cm (6.78 inch) Full HD+ AMOLED Display,369.99,0
Kechaoda,K115,32 MB RAM | 32 GB ROM | Expandable Upto 32 MB,0MP,0.3MP + 0MP,850 mAh Battery,0,3.66 cm (1.44 inch) NA Display,9.99,0
Kechaoda,K33,32 MB RAM | 32 MB ROM | Expandable Upto 32 GB,0MP,0.3MP + 0MP,800 mAh Battery,0,3.56 cm (1.4 inch) QVGA Display,9.97,0
REDMI,"A5 (Jaisalmer Gold, 128 GB)",4 GB RAM | 128 GB ROM | Expandable Upto 2 TB,8MP,32MP Rear Camera,5200 mAh Battery,0,17.48 cm (6.88 inch) HD+ Display,89.99,0
OPPO,"K14x 5G (Prism Violet, 128 GB)",4 GB RAM | 128 GB ROM,5MP; f/2.2; FOV 77°; 3P lens,50MP + 2MP,6500 mAh Battery,0,17.14 cm (6.75 inch) HD+ Display,149.99,0
vivo,"T3 5G (Crystal Flake, 256 GB)",8 GB RAM | 256 GB ROM,16MP,50MP + 2MP,5000 mAh Battery,0,16.94 cm (6.67 inch) Full HD+ Display,204.99,0
Samsung,"Galaxy F70e 5G (Limelight Green, 128 GB)",4 GB RAM | 128 GB ROM | Expandable Upto 2 TB,8MP,50MP + 2MP,6000 mAh Li-ion Battery,0,17.12 cm (6.74 inch) HD+ Display,117.49000000000001,0
REDMI,"A5 (Pondicherry Blue, 64 GB)",3 GB RAM | 64 GB ROM | Expandable Upto 2 TB,8MP,32MP Rear Camera,5200 mAh Battery,0,17.48 cm (6.88 inch) HD+ Display,79.99,0
REDMI,"15C 5G (Dusk Purple, 128 GB)",4 GB RAM | 128 GB ROM,,50MP Rear Camera,6000 mAh Battery,0,17.53 cm (6.9 inch) Display,123.9,0
Samsung,"Galaxy A16 5G (Light Green, 128 GB)",6 GB RAM | 128 GB ROM,13MP,50MP + 5MP + 2MP,5000 mAh Battery,0,17.02 cm (6.7 inch) Full HD+ Display,159.99,0
vivo,"V60 5G (Moonlit Blue, 256 GB)",8 GB RAM | 256 GB ROM,50MP,50MP + 8MP + 50MP,6500 mAh Battery,0,17.2 cm (6.77 inch) Display,389.99,0
realme,"14 Pro+ 5G (Bikaner Purple, 256 GB)",8 GB RAM | 256 GB ROM,32MP,50MP + 50MP + 8MP,6000 mAh Battery,0,17.35 cm (6.83 inch) Display,307.5,0
OnePlus,"Nord CE4 (Celadon Marble, 256 GB)",8 GB RAM | 256 GB ROM,,50MP Rear Camera,5500 mAh Battery,0,17.02 cm (6.7 inch) Display,229.9,0
IQOO,"15 5G (Alpha, 256 GB)",12 GB RAM | 256 GB ROM,,50MP Rear Camera,7000 mAh Battery,0,17.4 cm (6.85 inch) Display,679.99,0
MOTOROLA,A50V Dual Sim Keypad Phone|1750 mAh Battery|1.8inch Display|Expandable Upto 32GB,4 MB RAM | 0.05 GB ROM | Expandable Upto 32 GB,,1750 mAh Battery,2 Years Domestic Replacement Warranty,0,4.57 cm (1.8 inch) Display,11.8,0
vivo,"V40e 5G (Royal Bronze, 256 GB)",8 GB RAM | 256 GB ROM,50MP,50MP + 8MP,5500 mAh Battery,0,17.2 cm (6.77 inch) Display,269.4,0
Nothing,"Phone (3a) (Black, 256 GB)",8 GB RAM | 256 GB ROM,32MP,50MP (Main) + 50MP (2X Tele Photo) + 8MP (Ultra-Wide),5000 mAh Battery,0,43.66 cm (17.19 cm) Full HD+ Display,269.99,0
Nothing,"Phone (3a) (White, 128 GB)",8 GB RAM | 128 GB ROM,32MP,50MP (Main) + 50MP (2X Tele Photo) + 8MP (Ultra-Wide),5000 mAh Battery,0,43.66 cm (17.19 cm) Full HD+ Display,249.99,0
Infinix,"Note 50x 5G+ 45W Charger In the Box & AI (Titanium Grey, 128 GB)",8 GB RAM | 128 GB ROM,8MP,50MP + AI Lens,5500 mAh Battery,0,16.94 cm (6.67 inch) HD+ Display,149.99,0
Motorola,"g64 5G (Mint Green, 256 GB)",12 GB RAM | 256 GB ROM | Expandable Upto 1 TB,16MP,50MP (OIS) + 8MP,6000 mAh Battery,0,16.51 cm (6.5 inch) Full HD+ Display,159.99,0
realme,"GT 7T (IceSense Blue, 512 GB)",12 GB RAM | 512 GB ROM,32MP,50MP + 8MP,7000 mAh Li-ion Battery,0,17.27 cm (6.8 inch) Full HD+ AMOLED Display,419.99,0
realme,"GT 7T (IceSense Black, 512 GB)",12 GB RAM | 512 GB ROM,32MP,50MP + 8MP,7000 mAh Li-ion Battery,0,17.27 cm (6.8 inch) Full HD+ AMOLED Display,419.99,0
realme,"14 Pro+ 5G (Suede Grey, 256 GB)",12 GB RAM | 256 GB ROM,32MP,50MP + 50MP + 8MP,6000 mAh Battery,0,17.35 cm (6.83 inch) Display,349.99,0
realme,"GT 7T (IceSense Black, 256 GB)",12 GB RAM | 256 GB ROM,32MP,50MP + 8MP,7000 mAh Li-ion Battery,0,17.27 cm (6.8 inch) Full HD+ AMOLED Display,379.99,0
Samsung,"Galaxy F70e 5G (Limelight Green, 128 GB)",4 GB RAM | 128 GB ROM | Expandable Upto 2 TB,8MP,50MP + 2MP,6000 mAh Li-ion Battery,0,17.12 cm (6.74 inch) HD+ Display,117.49000000000001,0
vivo,"Y400 5G (Olive Green, 128 GB)",8 GB RAM | 128 GB ROM,32MP,50MP + 2MP,6000 mAh Battery,0,16.94 cm (6.67 inch) Display,229.99,0
realme,"C63 5G Charger in the Box (Starry Gold, 128 GB)",6 GB RAM | 128 GB ROM | Expandable Upto 2 TB,8MP,32MP Rear Camera,5000 mAh Battery,0,16.94 cm (6.67 inch) HD+ Display,109.99000000000001,0
Samsung,"Galaxy M56 5G (Light Green, 128 GB)",8 GB RAM | 128 GB ROM,12MP + 2MP Dual,50MP + 50MP + 8MP,5000 mAh Battery,0,17.02 cm (6.7 inch) Full HD+ E3 Super AMOLED Display,218.11,0
realme,"16 Pro+ 5G (Camellia Pink, 256 GB)",8 GB RAM | 256 GB ROM,50MP,200MP + 50MP + 8MP,7000 mAh Battery,0,17.27 cm (6.8 inch) Full HD+ AMOLED Display,459.99,0
Kechaoda,K33,32 MB RAM | 32 GB ROM | Expandable Upto 32 MB,0MP,0.3MP + 0MP,800 mAh Battery,0,3.66 cm (1.44 inch) NA Display,9.99,0
Nothing,"Phone (3a) Lite (Black, 256 GB)",8 GB RAM | 256 GB ROM,16MP,50MP + 8MP + 2MP,5000 mAh Lithium ion Battery,0,43.66 cm (17.19 cm) Full HD+ Display,239.99,0
Nothing,"Phone (3a) Lite (White, 256 GB)",8 GB RAM | 256 GB ROM,16MP,50MP + 8MP + 2MP,5000 mAh Lithium ion Battery,0,43.66 cm (17.19 cm) Full HD+ Display,239.99,0
Samsung,"Galaxy F16 5G (Glam Green, 128 GB)",4 GB RAM | 128 GB ROM,13MP,50MP + 5MP + 2MP,5000 mAh Battery,0,16.91 cm (6.657 inch) Full HD+ Display,124.99000000000001,0
Nothing,"Phone (3a) Lite (Black, 128 GB)",8 GB RAM | 128 GB ROM,16MP,50MP + 8MP + 2MP,5000 mAh Lithium ion Battery,0,43.66 cm (17.19 cm) Full HD+ Display,219.99,0
Nothing,"Phone (3a) Lite (Blue, 128 GB)",8 GB RAM | 128 GB ROM,16MP,50MP + 8MP + 2MP,5000 mAh Lithium ion Battery,0,43.66 cm (17.19 cm) Full HD+ Display,219.99,0
Kechaoda,K33,32 MB RAM | 32 MB ROM | Expandable Upto 32 GB,0MP,0.3MP + 0MP,800 mAh Battery,0,3.56 cm (1.4 inch) QVGA Display,9.99,0
Samsung,"Galaxy A07 LTE (Black, 64 GB)",4 GB RAM | 64 GB ROM | Expandable Upto 2 TB,,50MP + 2MP,5000 mAh Battery,0,17.02 cm (6.7 inch) HD+ Display,87.5,0
vivo,"V40e 5G (Royal Bronze, 128 GB)",8 GB RAM | 128 GB ROM,50MP,50MP + 8MP,5500 mAh Battery,0,17.2 cm (6.77 inch) Display,232.19,0
vivo,"V40e 5G (Mint Green, 128 GB)",8 GB RAM | 128 GB ROM,50MP,50MP + 8MP,5500 mAh Battery,0,17.2 cm (6.77 inch) Display,237.65,0
Tecno,"Pova 7 Pro 5G (Geek Black, 256 GB)",8 GB RAM | 256 GB ROM,13MP,64MP + 8MP,6000 mAh Battery,0,17.22 cm (6.78 inch) Full HD+ AMOLED Display,187.49,0
Snexan,"Rock X Flip Dual Sim |Keypad Mobile| with 1.8"" Display Call & SMS Indicator",32 MB RAM | 32 MB ROM,,0.3MP Rear Camera,2000 mAh Battery,0,4.57 cm (1.8 inch) Display,17.09,0
REDMI,"Note 14 5G (Mystique White, 256 GB)",8 GB RAM | 256 GB ROM,,50MP Rear Camera,5110 mAh Battery,0,16.94 cm (6.67 inch) Display,189.88,0
Tecno,"Pova 7 5G (Oasis Green, 256 GB)",8 GB RAM | 256 GB ROM,13MP,50MP + AI,6000 mAh Battery,0,17.22 cm (6.78 inch) Full HD+ Display,159.99,0
Tecno,"Pova 7 5G (Magic Silver, 128 GB)",8 GB RAM | 128 GB ROM,13MP,50MP + AI,6000 mAh Battery,0,17.22 cm (6.78 inch) Full HD+ Display,142.49,0
REDMI,"A5 (Jaisalmer Gold, 64 GB)",3 GB RAM | 64 GB ROM | Expandable Upto 2 TB,8MP,32MP Rear Camera,5200 mAh Battery,0,17.48 cm (6.88 inch) HD+ Display,79.99,0
Samsung,"Galaxy F70e 5G (Limelight Green, 128 GB)",4 GB RAM | 128 GB ROM | Expandable Upto 2 TB,8MP,50MP + 2MP,6000 mAh Li-ion Battery,0,17.12 cm (6.74 inch) HD+ Display,117.49000000000001,0
OPPO,"K13 Turbo 5G (Midnight Maverick, 256 GB)",8 GB RAM | 256 GB ROM,16MP,50MP + 2MP,7000 mAh Battery,0,17.27 cm (6.8 inch) Full HD+ Display,299.99,0
Samsung,"Galaxy M35 5G (Moonlight Blue, 256 GB)",8 GB RAM | 256 GB ROM,,50MP Rear Camera,6000 mAh Battery,0,16.76 cm (6.6 inch) Display,239.9,0
realme,"P4x 5G (Lake Green, 128 GB)",6 GB RAM | 128 GB ROM,8MP,50MP + 2MP,7000 mAh Battery,0,17.07 cm (6.72 inch) Full HD+ Display,164.99,0
REDMI,"13c 5G (Startrail Green, 128 GB)",6 GB RAM | 128 GB ROM,,50MP Rear Camera,5000 mAh Battery,0,17.12 cm (6.74 inch) Display,114.98,0
oneme,"NEO 4G (Gold, 16 GB)",2 GB RAM | 16 GB ROM,,5MP Rear Camera,2000 mAh Battery,0,7.62 cm (3 inch) HD Display,49.0,0
Google,"Pixel 10 (Indigo, 256 GB)",12 GB RAM | 256 GB ROM,10.5MP,48MP + 13MP + 10.8MP,4970 mAh Battery,0,16.0 cm (6.3 inch) Quad HD+ Display,749.99,0
realme,"14 Pro+ 5G (Suede Grey, 512 GB)",12 GB RAM | 512 GB ROM,32MP,50MP + 50MP + 8MP,6000 mAh Battery,0,17.35 cm (6.83 inch) Display,379.99,0
realme,"15 Lite 5G (Glitz Gold, 128 GB)",8 GB RAM | 128 GB ROM,,50MP Rear Camera,5000 mAh Battery,0,16.94 cm (6.67 inch) Display,171.99,0
itel,Super Guru 4G | King Media | Youtube | UPI,64 MB RAM | 128 MB ROM | Expandable Upto 32 GB,,0.3MP Rear Camera,1000 mAh Battery,0,5.08 cm (2 inch) Display,20.990000000000002,0
POCO,"X7 5G (Cosmic Silver, 256 GB)",8 GB RAM | 256 GB ROM,20MP,50MP + 8MP + 2MP,5500 mAh Battery,0,16.94 cm (6.67 inch) Display,199.99,0
Samsung,"Galaxy F36 5G (Red, 128 GB)",8 GB RAM | 128 GB ROM | Expandable Upto 2 TB,13MP,50MP + 8MP + 2MP,5000 mAh Battery,0,17.02 cm (6.7 inch) Full HD+ Display,174.99,0
Kechaoda,K33,32 MB RAM | 32 MB ROM | Expandable Upto 32 GB,0MP,0.3MP + 0MP,800 mAh Battery,0,3.56 cm (1.4 inch) QVGA Display,9.97,0
LAVA,A5 2025,32 MB RAM | 24 MB ROM,,0.3MP Rear Camera,1200 mAh Battery,0,6.1 cm (2.4 inch) Display,13.3,0
REDMI,"15C 5G (Moonlight Blue, 128 GB)",8 GB RAM | 128 GB ROM,,50MP Rear Camera,6000 mAh Battery,0,17.53 cm (6.9 inch) Display,149.79,0
vivo,"Y400 5G (Olive Green, 256 GB)",8 GB RAM | 256 GB ROM,32MP,50MP + 2MP,6000 mAh Battery,0,17.12 cm (6.74 inch) Display,249.99,0
Samsung,1207,32 MB ROM,,800 mAh Battery,No Warrnty,0,3.81 cm (1.5 inch) Display,7.4,0
POCO,"F6 5G (Deadpool, 256 GB)",12 GB RAM | 256 GB ROM,20MP,50MP (OIS) + 8MP,5000 mAh Battery,0,16.94 cm (6.67 inch) Display,259.99,0
Kechaoda,K33,32 MB RAM | 32 MB ROM | Expandable Upto 32 GB,0MP,0.3MP + 0MP,800 mAh Battery,0,3.56 cm (1.4 inch) QVGA Display,9.99,0
vivo,"V60 5G (Mist Gray, 256 GB)",12 GB RAM | 256 GB ROM,50MP,50MP + 8MP + 50MP,6500 mAh Battery,0,17.2 cm (6.77 inch) Display,409.99,0
vivo,"Y19s 5G (Titanium Silver, 128.0 GB)",6 GB RAM | 128.0 GB ROM | Expandable Upto 2 TB,5MP,13MP + 0.08MP,6000 mAh Battery,0,17.12 cm (6.74 inch) Display,154.99,0
realme,"15x 5G (Maroon Red, 128 GB)",8 GB RAM | 128 GB ROM | Expandable Upto 2 TB,50MP,50MP Rear Camera,7000 mAh Battery,0,17.27 cm (6.8 inch) Display,199.99,0
Samsung,"Galaxy F70e 5G (Limelight Green, 128 GB)",4 GB RAM | 128 GB ROM | Expandable Upto 2 TB,8MP,50MP + 2MP,6000 mAh Li-ion Battery,0,17.12 cm (6.74 inch) HD+ Display,117.49000000000001,0
realme,"15x 5G (Aqua Blue, 128 GB)",8 GB RAM | 128 GB ROM | Expandable Upto 2 TB,50MP,50MP Rear Camera,7000 mAh Battery,0,17.27 cm (6.8 inch) Display,199.99,0
realme,"15x 5G (Marine Blue, 128 GB)",8 GB RAM | 128 GB ROM | Expandable Upto 2 TB,50MP,50MP Rear Camera,7000 mAh Battery,0,17.27 cm (6.8 inch) Display,199.99,0
Kechaoda,A26,32 MB RAM | 32 MB ROM | Expandable Upto 16 GB,0MP,0MP,800 mAh Battery,0,1.68 cm (0.66 inch) QVGA Display,8.94,0
vivo,"Y19s 5G (Majestic Green, 128.0 GB)",4 GB RAM | 128.0 GB ROM | Expandable Upto 2 TB,5MP,13MP + 0.08MP,6000 mAh Battery,0,17.12 cm (6.74 inch) Display,134.99,0
realme,"15x 5G (Marine Blue, 128 GB)",6 GB RAM | 128 GB ROM | Expandable Upto 2 TB,50MP,50MP Rear Camera,7000 mAh Battery,0,17.27 cm (6.8 inch) Display,189.99,0
vivo,"Y19s 5G (Titanium Silver, 64.0 GB)",4 GB RAM | 64.0 GB ROM | Expandable Upto 2 TB,5MP,13MP + 0.08MP,6000 mAh Battery,0,17.12 cm (6.74 inch) Display,124.99000000000001,0
REDMI,"Note 14 Pro 5G (Titan Black, 256 GB)",8 GB RAM | 256 GB ROM,20MP,50MP + 8MP + 2MP,5500 mAh Battery,0,16.94 cm (6.67 inch) Display,239.99,0
Samsung,"Galaxy M56 5G (Light Green, 128 GB)",8 GB RAM | 128 GB ROM,12MP + 2MP Dual,50MP + 50MP + 8MP,5000 mAh Battery,0,17.02 cm (6.7 inch) Full HD+ E3 Super AMOLED Display,218.13,0
Motorola,"Edge 50 Fusion (Forest Green, 256 GB)",12 GB RAM | 256 GB ROM,32MP,50MP + 13MP,5000 mAh Battery,0,17.02 cm (6.7 inch) Full HD+ Display,209.99,0
REDMI,"A5 (Just Black, 128 GB)",4 GB RAM | 128 GB ROM | Expandable Upto 2 TB,8MP,32MP Rear Camera,5200 mAh Battery,0,17.48 cm (6.88 inch) HD+ Display,89.99,0
realme,"P3 Pro 5G (Saturn Brown, 256 GB)",12 GB RAM | 256 GB ROM,16MP,50MP + 2MP,6000 mAh Battery,0,17.35 cm (6.83 inch) Display,239.99,0
Nothing,"Phone (3a) Lite (Blue, 256 GB)",8 GB RAM | 256 GB ROM,16MP,50MP + 8MP + 2MP,5000 mAh Lithium ion Battery,0,43.66 cm (17.19 cm) Full HD+ Display,239.99,0
MOTOROLA,"Signature (PANTONE Carbon, 256 GB)",12 GB RAM | 256 GB ROM,50MP,50MP + 50MP + 50MP,5200 mAh Battery,0,17.27 cm (6.8 inch) Super HD Display,599.99,0
Motorola,"Edge 50 Fusion (Hot Pink, 256 GB)",12 GB RAM | 256 GB ROM,32MP,50MP + 13MP,5000 mAh Battery,0,17.02 cm (6.7 inch) Full HD+ Display,209.99,0
Jmax,JOSH PRO,32 MB RAM | 32 MB ROM,,0.3MP Rear Camera,1000 mAh Battery,0,4.5 cm (1.77 inch) Display,6.99,0
Tecno,"Pova 7 5G (Geek Black, 128 GB)",8 GB RAM | 128 GB ROM,13MP,50MP + AI,6000 mAh Battery,0,17.22 cm (6.78 inch) Full HD+ Display,142.49,0
Tecno,"Pova 7 5G (Oasis Green, 128 GB)",8 GB RAM | 128 GB ROM,13MP,50MP + AI,6000 mAh Battery,0,17.22 cm (6.78 inch) Full HD+ Display,142.49,0
Amozkart,"BOLD T400 (Pink, 16 GB)",2 GB RAM | 16 GB ROM,,5MP Rear Camera,2000 mAh Battery,0,10.16 cm (4 inch) Display,50.0,0
Motorola,"Edge 50 Fusion (Forest Blue, 128 GB)",8 GB RAM | 128 GB ROM,32MP,50MP + 13MP,5000 mAh Battery,0,17.02 cm (6.7 inch) Full HD+ Display,189.99,0
REDMI,"Note 14 Pro 5G (Titan Black, 128 GB)",8 GB RAM | 128 GB ROM,20MP,50MP + 8MP + 2MP,5500 mAh Battery,0,16.94 cm (6.67 inch) Display,219.99,0
OPPO,"K14x 5G (Prism Violet, 128 GB)",4 GB RAM | 128 GB ROM,5MP; f/2.2; FOV 77°; 3P lens,50MP + 2MP,6500 mAh Battery,0,17.14 cm (6.75 inch) HD+ Display,149.99,0
Samsung,"Galaxy F70e 5G (Limelight Green, 128 GB)",4 GB RAM | 128 GB ROM | Expandable Upto 2 TB,8MP,50MP + 2MP,6000 mAh Li-ion Battery,0,17.12 cm (6.74 inch) HD+ Display,117.49000000000001,0
Nokia,"110 Dual Sim with Built-in UPI App, MP3 Player, Rear Camera",32 MB RAM | 32 MB ROM,,0.08MP Rear Camera,1000 mAh Battery,0,17.02 cm (6.7 inch) Display,20.990000000000002,0
REDMI,"13 5G (Orchid Pink, 128 GB)",6 GB RAM | 128 GB ROM,,108MP Rear Camera,5030 mAh Battery,0,17.25 cm (6.79 inch) Full HD+ Display,112.68,0
realme,"P4x 5G (Lake Green, 128 GB)",6 GB RAM | 128 GB ROM,8MP,50MP + 2MP,7000 mAh Battery,0,17.07 cm (6.72 inch) Full HD+ Display,164.99,0
REDMI,"15C 5G (Midnight Black, 128 GB)",6 GB RAM | 128 GB ROM,,50MP Rear Camera,6000 mAh Battery,0,17.53 cm (6.9 inch) Display,136.1,0
REDMI,"A5 (Pondicherry Blue, 128 GB)",4 GB RAM | 128 GB ROM | Expandable Upto 2 TB,8MP,32MP Rear Camera,5200 mAh Battery,0,17.48 cm (6.88 inch) HD+ Display,89.99,0
realme,"P2 Pro 5G (Eagle Grey, 256 GB)",12 GB RAM | 256 GB ROM,32MP,50MP + 8MP,5200 mAh Battery,0,17.02 cm (6.7 inch) Full HD+ Display,199.99,0
Snexan,"Z ROCK Max Flip Dual Sim Keypad Mobile with 2.4 ""Display Flip/Fold Call & SMS",32 MB RAM | 32 MB ROM,,0.3MP Rear Camera,3000 mAh Battery,0,6.1 cm (2.4 inch) Display,17.39,0
IQOO,"Neo 10R 5G (MoonKnight Titanium, 256 GB)",12 GB RAM | 256 GB ROM,,50MP Rear Camera,6400 mAh Battery,0,17.22 cm (6.78 inch) Display,324.90000000000003,0
Samsung,"Galaxy A16 5G (Blue Black, 128 GB)",8 GB RAM | 128 GB ROM,13MP,50MP + 5MP + 2MP,5000 mAh Battery,0,17.02 cm (6.7 inch) Full HD+ Display,174.1,0
CMF,"by Nothing Phone 1 (Orange, 128 GB)",8 GB RAM | 128 GB ROM | Expandable Upto 2 TB,16MP,50MP + 2MP,5000 mAh Battery,0,16.94 cm (6.67 inch) Full HD+ Display,179.99,0
Motorola,"g64 5G (Pearl Blue, 128 GB)",8 GB RAM | 128 GB ROM | Expandable Upto 1 TB,16MP,50MP (OIS) + 8MP,6000 mAh Battery,0,16.51 cm (6.5 inch) Full HD+ Display,139.99,0
realme,"16 Pro+ 5G (Master Grey, 256 GB)",12 GB RAM | 256 GB ROM,50MP,200MP + 50MP + 8MP,7000 mAh Battery,0,17.27 cm (6.8 inch) Full HD+ AMOLED Display,489.99,0
Motorola,Moto A10E,4 MB RAM | 2 MB ROM | Expandable Upto 32 GB,0MP,0MP,800 mAh Battery,0,4.57 cm (1.8 inch) HVGA Display,12.49,0
Samsung,"Galaxy A16 5G (Blue Black, 128 GB)",6 GB RAM | 128 GB ROM,13MP,50MP + 5MP + 2MP,5000 mAh Battery,0,17.02 cm (6.7 inch) Full HD+ Display,144.99,0
IQOO,"Neo 10R 5G (MoonKnight Titanium, 128 GB)",8 GB RAM | 128 GB ROM,,50MP Rear Camera,6400 mAh Battery,0,17.22 cm (6.78 inch) Display,278.95,0
OPPO,"A59 5G (Starry Black, 128 GB)",4 GB RAM | 128 GB ROM | Expandable Upto 1 TB,8MP,13MP + 2MP,5000 mAh Battery,0,16.66 cm (6.56 inch) HD+ Display,135.7,0
vivo,"Y19s 5G (Majestic Green, 128.0 GB)",6 GB RAM | 128.0 GB ROM | Expandable Upto 2 TB,5MP,13MP + 0.08MP,6000 mAh Battery,0,17.12 cm (6.74 inch) Display,154.99,0
REDMI,"Note 14 Pro 5G (Phantom Purple, 256 GB)",8 GB RAM | 256 GB ROM,20MP,50MP + 8MP + 2MP,5500 mAh Battery,0,16.94 cm (6.67 inch) Display,239.99,0
Apple,"iPhone 17 Pro (Silver, 256 GB)",256 GB ROM,18MP,48MP + 48MP + 48MP,"A19 Chip, 6 Core Processor Processor",0,16.0 cm (6.3 inch) Super Retina XDR Display,1349.0,0
OPPO,"K14x 5G (Prism Violet, 128 GB)",4 GB RAM | 128 GB ROM,5MP; f/2.2; FOV 77°; 3P lens,50MP + 2MP,6500 mAh Battery,0,17.14 cm (6.75 inch) HD+ Display,149.99,0
MOTOROLA,"Edge 60 5G (PANTONE Shamrock, 256 GB)",12 GB RAM | 256 GB ROM | Expandable Upto 1 TB,50MP,50MP + 50MP + 10MP,5500 mAh Battery,0,16.94 cm (6.67 inch) Display,259.99,0
Samsung,"Galaxy F70e 5G (Limelight Green, 128 GB)",4 GB RAM | 128 GB ROM | Expandable Upto 2 TB,8MP,50MP + 2MP,6000 mAh Li-ion Battery,0,17.12 cm (6.74 inch) HD+ Display,117.49000000000001,0
realme,"P4x 5G (Lake Green, 128 GB)",6 GB RAM | 128 GB ROM,8MP,50MP + 2MP,7000 mAh Battery,0,17.07 cm (6.72 inch) Full HD+ Display,164.99,0
Samsung,Metro 313,4 GB RAM | 2.27 MB ROM,,0.3MP Rear Camera,1000 mAh Battery,0,5.08 cm (2 inch) Display,20.990000000000002,0
IQOO,"Z10 5G (Glacier Silver / Silver, 256 GB)",8 GB RAM | 256 GB ROM,,50MP Rear Camera,7300 mAh Battery,0,17.2 cm (6.77 inch) Display,242.49,0
Samsung,"Galaxy A06 5G (Light Green, 128 GB)",4 GB RAM | 128 GB ROM,8MP,50MP + 2MP,5000 mAh Li-ion Battery,0,17.02 cm (6.7 inch) HD+ Display,116.99000000000001,0
itel,it5330 | 2.8 inch Big Display | 1900 mAh Battery | Kingvoice,32 MB RAM | 32 MB ROM | Expandable Upto 32 GB,0MP,0.8MP + 0MP,1900 mAh Battery,0,7.11 cm (2.8 inch) Quarter QVGA Display,17.990000000000002,0
IQOO,"Z10 Lite 5G (Titanium Blue, 64 GB)",4 GB RAM | 64 GB ROM,,50MP Rear Camera,6000 mAh Battery,0,17.12 cm (6.74 inch) Display,113.94,0
vivo,"V60e (Noble Gold, 128 GB)",8 GB RAM | 128 GB ROM,50MP,200MP + 8MP,6500 mAh Battery,0,17.2 cm (6.77 inch) Full HD+ Display,319.99,0
OnePlus,"Nord 5 5G (Marble Sands, 256 GB)",12 GB RAM | 256 GB ROM,,50MP Rear Camera,6800 mAh Battery,0,17.35 cm (6.83 inch) Display,345.31,0
Motorola,"Edge 50 Fusion (Forest Green, 128 GB)",8 GB RAM | 128 GB ROM,32MP,50MP + 13MP,5000 mAh Battery,0,17.02 cm (6.7 inch) Full HD+ Display,189.99,0
Apple,"iPhone 16 Plus (Teal, 256 GB)",256 GB ROM,12MP,48MP + 12MP,"A18 Chip, 6 Core Processor Processor",0,17.02 cm (6.7 inch) Super Retina XDR Display,849.0,0
MOTOROLA,"Edge 60 Pro (Pantone Shadow, 256 GB)",12 GB RAM | 256 GB ROM,50MP,50MP + 50MP + 10MP,6000 mAh Battery,0,17.02 cm (6.7 inch) Display,339.99,0
Samsung,"Galaxy A15 5G (Blue Black, 128 GB)",8 GB RAM | 128 GB ROM | Expandable Upto 1 TB,13MP,50MP + 5MP + 2MP,5000 mAh Battery,0,16.51 cm (6.5 inch) Full HD+ Display,214.99,0
REDMI,"Note 15 5G (Mist Purple, 128 GB)",8 GB RAM | 128 GB ROM,,108MP Rear Camera,5520 mAh Battery,0,17.2 cm (6.77 inch) Display,219.87,0
realme,"Narzo 80 Pro 5G (Racing Green, 256 GB)",12 GB RAM | 256 GB ROM,,50MP Rear Camera,6000 mAh Battery,0,17.2 cm (6.77 inch) Display,278.99,0
IAIR,Dual Sim Keypad Mobile Phone,32 MB RAM | 32 MB ROM,,0.8MP Rear Camera,2800 mAh Battery,0,4.5 cm (1.77 inch) Display,7.99,0
realme,"P2 Pro 5G (Eagle Grey, 512 GB)",12 GB RAM | 512 GB ROM,32MP,50MP + 8MP,5200 mAh Battery,0,17.02 cm (6.7 inch) Full HD+ Display,239.99,0
realme,"16 Pro+ 5G (Master Gold, 256 GB)",12 GB RAM | 256 GB ROM,50MP,200MP + 50MP + 8MP,7000 mAh Battery,0,17.27 cm (6.8 inch) Full HD+ AMOLED Display,489.99,0
Samsung,"Galaxy F70e 5G (Limelight Green, 128 GB)",4 GB RAM | 128 GB ROM | Expandable Upto 2 TB,8MP,50MP + 2MP,6000 mAh Li-ion Battery,0,17.12 cm (6.74 inch) HD+ Display,117.49000000000001,0
vivo,"V60e (Noble Gold, 256 GB)",8 GB RAM | 256 GB ROM,50MP,200MP + 8MP,6500 mAh Battery,0,17.2 cm (6.77 inch) Full HD+ Display,339.99,0
Samsung,"Galaxy A16 5G (Gold, 128 GB)",8 GB RAM | 128 GB ROM,13MP,50MP + 5MP + 2MP,5000 mAh Battery,0,17.02 cm (6.7 inch) Full HD+ Display,171.98,0
realme,"P4x 5G (Lake Green, 128 GB)",6 GB RAM | 128 GB ROM,8MP,50MP + 2MP,7000 mAh Battery,0,17.07 cm (6.72 inch) Full HD+ Display,164.99,0
HOTLINE,CLASSIC(ZEUS),32 MB RAM | 32 MB ROM | Expandable Upto 16 MB,0MP,1.3MP + 0MP,1100 mAh Battery,0,4.57 cm (1.8 inch) NA Display,4.7700000000000005,0
realme,"P3 Pro 5G (Nebula Glow, 128 GB)",8 GB RAM | 128 GB ROM,16MP,50MP + 2MP,6000 mAh Battery,0,17.35 cm (6.83 inch) Display,209.99,0
REDMI,"14C 5G (Stardust Purple, 128 GB)",4 GB RAM | 128 GB ROM | Expandable Upto 1 TB,8MP,50MP Rear Camera,5160 mAh Battery,0,17.48 cm (6.88 inch) HD+ Display,115.0,0
Ai+,"Nova 5G (Blue, 128 GB)",6 GB RAM | 128 GB ROM | Expandable Upto 1 TB,5MP,50MP Rear Camera,5000 mAh Battery,0,17.13 cm (6.745 inch) HD+ Display,89.99,0
realme,"15 Lite 5G (Electric Purple, 256 GB)",8 GB RAM | 256 GB ROM,,50MP Rear Camera,5000 mAh Battery,0,16.94 cm (6.67 inch) Display,190.99,0
OnePlus,"11 5G (Eternal Green, 256 GB)",16 GB RAM | 256 GB ROM,,50MP Rear Camera,5000 mAh Battery,0,17.02 cm (6.7 inch) Display,399.90000000000003,0
OnePlus,"13R 5G (Astral Trail, 512 GB)",16 GB RAM | 512 GB ROM,,50MP Rear Camera,6000 mAh Battery,0,17.22 cm (6.78 inch) Display,430.0,0
ringme,R1+ JUMBO,32 MB RAM | 32 MB ROM,,1MP Rear Camera,4000 mAh Battery,0,6.1 cm (2.4 inch) Display,14.99,0
Apple,"iPhone 16e (Black, 256 GB)",256 GB ROM,12MP,48MP Rear Camera,"A18 Chip, 6 Core Processor",0,15.49 cm (6.1 inch) Super Retina XDR Display,699.0,0
MOTOROLA,"Signature (PANTONE Carbon, 1 TB)",16 GB RAM | 1 TB ROM,50MP,50MP + 50MP + 50MP,5200 mAh Battery,0,17.27 cm (6.8 inch) Super HD Display,699.99,0
REDMI,"13C 5G (Startrail Silver, 128 GB)",6 GB RAM | 128 GB ROM | Expandable Upto 1 TB,5MP,50MP Rear Camera,5000 mAh Battery,0,17.12 cm (6.74 inch) HD+ Display,115.28,0
REDMI,"13C 5G (Startrail Green, 128 GB)",4 GB RAM | 128 GB ROM | Expandable Upto 1 TB,5MP,50MP Rear Camera,5000 mAh Battery,0,17.12 cm (6.74 inch) HD+ Display,115.28,0
hmd,110 Dual Sim Keypad Phone with Built-in Scan & Pay UPI App,4 MB RAM | 4 MB ROM,,0.2MP Rear Camera,1000 mAh Battery,0,5.08 cm (2 inch) NA Display,11.89,0
vivo,"Y19s 5G (Majestic Green, 64.0 GB)",4 GB RAM | 64.0 GB ROM | Expandable Upto 2 TB,5MP,13MP + 0.08MP,6000 mAh Battery,0,17.12 cm (6.74 inch) Display,124.99000000000001,0
MOTOROLA,"Edge 70 (PANTONE Lily Pad, 256 GB)",8 GB RAM | 256 GB ROM,50MP,50MP + 50MP,5000 mAh Battery,0,17.02 cm (6.7 inch) Display,329.99,0
realme,"P3 Ultra 5G (Neptune Blue, 128 GB)",8 GB RAM | 128 GB ROM,16MP,50MP + 8MP,6000 mAh Battery,0,17.35 cm (6.83 inch) Display,239.99,0
Kechaoda,A27,32 MB RAM | 32 MB ROM | Expandable Upto 16 GB,0MP,0MP,800 mAh Battery,0,1.68 cm (0.66 inch) QVGA Display,8.99,0
